filename,chroma_stft,rmse,spectral_centroid,spectral_bandwidth,rolloff,zero_crossing_rate,tempo,mfcc1,mfcc2,mfcc3,mfcc4,mfcc5,mfcc6,mfcc7,mfcc8,mfcc9,mfcc10,mfcc11,mfcc12,mfcc13,mfcc14,mfcc15,mfcc16,mfcc17,mfcc18,mfcc19,mfcc20,label
bachata.1.au,0.29419493675231934,0.14512568712234497,1364.5213854010256,1720.76425673833,2711.7836022155575,0.05477933617937306,0.15553313838799165,-175.96920776367188,134.0991973876953,-8.984075546264648,26.928829193115234,3.7004027366638184,0.2890073359012604,-8.857661247253418,-7.9713945388793945,-6.1058759689331055,-5.406704902648926,-8.983662605285645,-0.5233428478240967,-3.2405662536621094,0.5086302161216736,-1.5044829845428467,2.592433214187622,-3.0924179553985596,-5.244988918304443,-6.048192977905273,0.34608545899391174,bachata
bachata.2.au,0.2947686016559601,0.1055825799703598,2038.5138178920913,2262.815616901614,4434.589851308533,0.083064501499613,0.11800961157483673,-198.73031616210938,102.9213638305664,13.686827659606934,26.37430191040039,2.565983533859253,15.36239242553711,-9.961103439331055,3.068946599960327,-6.718185901641846,5.642129898071289,-4.38461971282959,5.333553314208984,-4.767739772796631,6.448162078857422,-1.9405808448791504,1.091240406036377,-5.886355400085449,0.8478574156761169,-5.632833480834961,-0.5314406752586365,bachata
cha_cha.1.au,0.3508305251598358,0.15913812816143036,2061.8702207331967,2336.2046158007224,4535.989238160313,0.07655622641737617,0.11874588255908856,-129.0403594970703,99.37487030029297,11.132122039794922,32.47382354736328,-14.621390342712402,11.698138236999512,-0.26197922229766846,0.6065916419029236,-4.848155498504639,6.123898029327393,-5.618956089019775,5.488104343414307,-4.696445941925049,6.382175922393799,-1.2548519372940063,2.4409265518188477,-8.660788536071777,-2.0355184078216553,-4.651698589324951,-3.1641552448272705,cha_cha
cha_cha.10.au,0.3508305251598358,0.15913812816143036,2061.8702207331967,2336.2046158007224,4535.989238160313,0.07655622641737617,0.11874588255908856,-129.0403594970703,99.37487030029297,11.132122039794922,32.47382354736328,-14.621390342712402,11.698138236999512,-0.26197922229766846,0.6065916419029236,-4.848155498504639,6.123898029327393,-5.618956089019775,5.488104343414307,-4.696445941925049,6.382175922393799,-1.2548519372940063,2.4409265518188477,-8.660788536071777,-2.0355184078216553,-4.651698589324951,-3.1641552448272705,cha_cha
cha_cha.11.au,0.3508305251598358,0.15913812816143036,2061.8702207331967,2336.2046158007224,4535.989238160313,0.07655622641737617,0.11874588255908856,-129.0403594970703,99.37487030029297,11.132122039794922,32.47382354736328,-14.621390342712402,11.698138236999512,-0.26197922229766846,0.6065916419029236,-4.848155498504639,6.123898029327393,-5.618956089019775,5.488104343414307,-4.696445941925049,6.382175922393799,-1.2548519372940063,2.4409265518188477,-8.660788536071777,-2.0355184078216553,-4.651698589324951,-3.1641552448272705,cha_cha
cha_cha.12.au,0.3508305251598358,0.15913812816143036,2061.8702207331967,2336.2046158007224,4535.989238160313,0.07655622641737617,0.11874588255908856,-129.0403594970703,99.37487030029297,11.132122039794922,32.47382354736328,-14.621390342712402,11.698138236999512,-0.26197922229766846,0.6065916419029236,-4.848155498504639,6.123898029327393,-5.618956089019775,5.488104343414307,-4.696445941925049,6.382175922393799,-1.2548519372940063,2.4409265518188477,-8.660788536071777,-2.0355184078216553,-4.651698589324951,-3.1641552448272705,cha_cha
cha_cha.13.au,0.3508305251598358,0.15913812816143036,2061.8702207331967,2336.2046158007224,4535.989238160313,0.07655622641737617,0.11874588255908856,-129.0403594970703,99.37487030029297,11.132122039794922,32.47382354736328,-14.621390342712402,11.698138236999512,-0.26197922229766846,0.6065916419029236,-4.848155498504639,6.123898029327393,-5.618956089019775,5.488104343414307,-4.696445941925049,6.382175922393799,-1.2548519372940063,2.4409265518188477,-8.660788536071777,-2.0355184078216553,-4.651698589324951,-3.1641552448272705,cha_cha
cha_cha.14.au,0.3508305251598358,0.15913812816143036,2061.8702207331967,2336.2046158007224,4535.989238160313,0.07655622641737617,0.11874588255908856,-129.0403594970703,99.37487030029297,11.132122039794922,32.47382354736328,-14.621390342712402,11.698138236999512,-0.26197922229766846,0.6065916419029236,-4.848155498504639,6.123898029327393,-5.618956089019775,5.488104343414307,-4.696445941925049,6.382175922393799,-1.2548519372940063,2.4409265518188477,-8.660788536071777,-2.0355184078216553,-4.651698589324951,-3.1641552448272705,cha_cha
cha_cha.15.au,0.3508305251598358,0.15913812816143036,2061.8702207331967,2336.2046158007224,4535.989238160313,0.07655622641737617,0.11874588255908856,-129.0403594970703,99.37487030029297,11.132122039794922,32.47382354736328,-14.621390342712402,11.698138236999512,-0.26197922229766846,0.6065916419029236,-4.848155498504639,6.123898029327393,-5.618956089019775,5.488104343414307,-4.696445941925049,6.382175922393799,-1.2548519372940063,2.4409265518188477,-8.660788536071777,-2.0355184078216553,-4.651698589324951,-3.1641552448272705,cha_cha
cha_cha.16.au,0.3508305251598358,0.15913812816143036,2061.8702207331967,2336.2046158007224,4535.989238160313,0.07655622641737617,0.11874588255908856,-129.0403594970703,99.37487030029297,11.132122039794922,32.47382354736328,-14.621390342712402,11.698138236999512,-0.26197922229766846,0.6065916419029236,-4.848155498504639,6.123898029327393,-5.618956089019775,5.488104343414307,-4.696445941925049,6.382175922393799,-1.2548519372940063,2.4409265518188477,-8.660788536071777,-2.0355184078216553,-4.651698589324951,-3.1641552448272705,cha_cha
cha_cha.17.au,0.3508305251598358,0.15913812816143036,2061.8702207331967,2336.2046158007224,4535.989238160313,0.07655622641737617,0.11874588255908856,-129.0403594970703,99.37487030029297,11.132122039794922,32.47382354736328,-14.621390342712402,11.698138236999512,-0.26197922229766846,0.6065916419029236,-4.848155498504639,6.123898029327393,-5.618956089019775,5.488104343414307,-4.696445941925049,6.382175922393799,-1.2548519372940063,2.4409265518188477,-8.660788536071777,-2.0355184078216553,-4.651698589324951,-3.1641552448272705,cha_cha
cha_cha.18.au,0.3508305251598358,0.15913812816143036,2061.8702207331967,2336.2046158007224,4535.989238160313,0.07655622641737617,0.11874588255908856,-129.0403594970703,99.37487030029297,11.132122039794922,32.47382354736328,-14.621390342712402,11.698138236999512,-0.26197922229766846,0.6065916419029236,-4.848155498504639,6.123898029327393,-5.618956089019775,5.488104343414307,-4.696445941925049,6.382175922393799,-1.2548519372940063,2.4409265518188477,-8.660788536071777,-2.0355184078216553,-4.651698589324951,-3.1641552448272705,cha_cha
cha_cha.19.au,0.3508305251598358,0.15913812816143036,2061.8702207331967,2336.2046158007224,4535.989238160313,0.07655622641737617,0.11874588255908856,-129.0403594970703,99.37487030029297,11.132122039794922,32.47382354736328,-14.621390342712402,11.698138236999512,-0.26197922229766846,0.6065916419029236,-4.848155498504639,6.123898029327393,-5.618956089019775,5.488104343414307,-4.696445941925049,6.382175922393799,-1.2548519372940063,2.4409265518188477,-8.660788536071777,-2.0355184078216553,-4.651698589324951,-3.1641552448272705,cha_cha
cha_cha.2.au,0.3508305251598358,0.15913812816143036,2061.8702207331967,2336.2046158007224,4535.989238160313,0.07655622641737617,0.11874588255908856,-129.0403594970703,99.37487030029297,11.132122039794922,32.47382354736328,-14.621390342712402,11.698138236999512,-0.26197922229766846,0.6065916419029236,-4.848155498504639,6.123898029327393,-5.618956089019775,5.488104343414307,-4.696445941925049,6.382175922393799,-1.2548519372940063,2.4409265518188477,-8.660788536071777,-2.0355184078216553,-4.651698589324951,-3.1641552448272705,cha_cha
cha_cha.20.au,0.3508305251598358,0.15913812816143036,2061.8702207331967,2336.2046158007224,4535.989238160313,0.07655622641737617,0.11874588255908856,-129.0403594970703,99.37487030029297,11.132122039794922,32.47382354736328,-14.621390342712402,11.698138236999512,-0.26197922229766846,0.6065916419029236,-4.848155498504639,6.123898029327393,-5.618956089019775,5.488104343414307,-4.696445941925049,6.382175922393799,-1.2548519372940063,2.4409265518188477,-8.660788536071777,-2.0355184078216553,-4.651698589324951,-3.1641552448272705,cha_cha
cha_cha.21.au,0.3508305251598358,0.15913812816143036,2061.8702207331967,2336.2046158007224,4535.989238160313,0.07655622641737617,0.11874588255908856,-129.0403594970703,99.37487030029297,11.132122039794922,32.47382354736328,-14.621390342712402,11.698138236999512,-0.26197922229766846,0.6065916419029236,-4.848155498504639,6.123898029327393,-5.618956089019775,5.488104343414307,-4.696445941925049,6.382175922393799,-1.2548519372940063,2.4409265518188477,-8.660788536071777,-2.0355184078216553,-4.651698589324951,-3.1641552448272705,cha_cha
cha_cha.22.au,0.3508305251598358,0.15913812816143036,2061.8702207331967,2336.2046158007224,4535.989238160313,0.07655622641737617,0.11874588255908856,-129.0403594970703,99.37487030029297,11.132122039794922,32.47382354736328,-14.621390342712402,11.698138236999512,-0.26197922229766846,0.6065916419029236,-4.848155498504639,6.123898029327393,-5.618956089019775,5.488104343414307,-4.696445941925049,6.382175922393799,-1.2548519372940063,2.4409265518188477,-8.660788536071777,-2.0355184078216553,-4.651698589324951,-3.1641552448272705,cha_cha
cha_cha.23.au,0.3508305251598358,0.15913812816143036,2061.8702207331967,2336.2046158007224,4535.989238160313,0.07655622641737617,0.11874588255908856,-129.0403594970703,99.37487030029297,11.132122039794922,32.47382354736328,-14.621390342712402,11.698138236999512,-0.26197922229766846,0.6065916419029236,-4.848155498504639,6.123898029327393,-5.618956089019775,5.488104343414307,-4.696445941925049,6.382175922393799,-1.2548519372940063,2.4409265518188477,-8.660788536071777,-2.0355184078216553,-4.651698589324951,-3.1641552448272705,cha_cha
cha_cha.24.au,0.3508305251598358,0.15913812816143036,2061.8702207331967,2336.2046158007224,4535.989238160313,0.07655622641737617,0.11874588255908856,-129.0403594970703,99.37487030029297,11.132122039794922,32.47382354736328,-14.621390342712402,11.698138236999512,-0.26197922229766846,0.6065916419029236,-4.848155498504639,6.123898029327393,-5.618956089019775,5.488104343414307,-4.696445941925049,6.382175922393799,-1.2548519372940063,2.4409265518188477,-8.660788536071777,-2.0355184078216553,-4.651698589324951,-3.1641552448272705,cha_cha
cha_cha.25.au,0.3879982829093933,0.09380690008401871,1924.1438888472046,2158.476355768876,3855.951683587703,0.08890611394640092,0.12519567041602633,-150.5408477783203,111.88287353515625,-11.934314727783203,22.9656925201416,-2.485987901687622,-4.649684429168701,-5.493919372558594,-2.837477445602417,-8.160083770751953,2.244631052017212,-5.300288200378418,-0.24147655069828033,-5.812463760375977,-1.8987313508987427,-4.284143447875977,2.3875553607940674,-5.234226226806641,3.5692379474639893,-6.612945556640625,1.371097207069397,cha_cha
cha_cha.26.au,0.3879982829093933,0.09380690008401871,1924.1438888472046,2158.476355768876,3855.951683587703,0.08890611394640092,0.12519567041602633,-150.5408477783203,111.88287353515625,-11.934314727783203,22.9656925201416,-2.485987901687622,-4.649684429168701,-5.493919372558594,-2.837477445602417,-8.160083770751953,2.244631052017212,-5.300288200378418,-0.24147655069828033,-5.812463760375977,-1.8987313508987427,-4.284143447875977,2.3875553607940674,-5.234226226806641,3.5692379474639893,-6.612945556640625,1.371097207069397,cha_cha
cha_cha.27.au,0.3879982829093933,0.09380690008401871,1924.1438888472046,2158.476355768876,3855.951683587703,0.08890611394640092,0.12519567041602633,-150.5408477783203,111.88287353515625,-11.934314727783203,22.9656925201416,-2.485987901687622,-4.649684429168701,-5.493919372558594,-2.837477445602417,-8.160083770751953,2.244631052017212,-5.300288200378418,-0.24147655069828033,-5.812463760375977,-1.8987313508987427,-4.284143447875977,2.3875553607940674,-5.234226226806641,3.5692379474639893,-6.612945556640625,1.371097207069397,cha_cha
cha_cha.28.au,0.3879982829093933,0.09380690008401871,1924.1438888472046,2158.476355768876,3855.951683587703,0.08890611394640092,0.12519567041602633,-150.5408477783203,111.88287353515625,-11.934314727783203,22.9656925201416,-2.485987901687622,-4.649684429168701,-5.493919372558594,-2.837477445602417,-8.160083770751953,2.244631052017212,-5.300288200378418,-0.24147655069828033,-5.812463760375977,-1.8987313508987427,-4.284143447875977,2.3875553607940674,-5.234226226806641,3.5692379474639893,-6.612945556640625,1.371097207069397,cha_cha
cha_cha.29.au,0.3879982829093933,0.09380690008401871,1924.1438888472046,2158.476355768876,3855.951683587703,0.08890611394640092,0.12519567041602633,-150.5408477783203,111.88287353515625,-11.934314727783203,22.9656925201416,-2.485987901687622,-4.649684429168701,-5.493919372558594,-2.837477445602417,-8.160083770751953,2.244631052017212,-5.300288200378418,-0.24147655069828033,-5.812463760375977,-1.8987313508987427,-4.284143447875977,2.3875553607940674,-5.234226226806641,3.5692379474639893,-6.612945556640625,1.371097207069397,cha_cha
cha_cha.3.au,0.3508305251598358,0.15913812816143036,2061.8702207331967,2336.2046158007224,4535.989238160313,0.07655622641737617,0.11874588255908856,-129.0403594970703,99.37487030029297,11.132122039794922,32.47382354736328,-14.621390342712402,11.698138236999512,-0.26197922229766846,0.6065916419029236,-4.848155498504639,6.123898029327393,-5.618956089019775,5.488104343414307,-4.696445941925049,6.382175922393799,-1.2548519372940063,2.4409265518188477,-8.660788536071777,-2.0355184078216553,-4.651698589324951,-3.1641552448272705,cha_cha
cha_cha.30.au,0.3879982829093933,0.09380690008401871,1924.1438888472046,2158.476355768876,3855.951683587703,0.08890611394640092,0.12519567041602633,-150.5408477783203,111.88287353515625,-11.934314727783203,22.9656925201416,-2.485987901687622,-4.649684429168701,-5.493919372558594,-2.837477445602417,-8.160083770751953,2.244631052017212,-5.300288200378418,-0.24147655069828033,-5.812463760375977,-1.8987313508987427,-4.284143447875977,2.3875553607940674,-5.234226226806641,3.5692379474639893,-6.612945556640625,1.371097207069397,cha_cha
cha_cha.31.au,0.3879982829093933,0.09380690008401871,1924.1438888472046,2158.476355768876,3855.951683587703,0.08890611394640092,0.12519567041602633,-150.5408477783203,111.88287353515625,-11.934314727783203,22.9656925201416,-2.485987901687622,-4.649684429168701,-5.493919372558594,-2.837477445602417,-8.160083770751953,2.244631052017212,-5.300288200378418,-0.24147655069828033,-5.812463760375977,-1.8987313508987427,-4.284143447875977,2.3875553607940674,-5.234226226806641,3.5692379474639893,-6.612945556640625,1.371097207069397,cha_cha
cha_cha.32.au,0.3879982829093933,0.09380690008401871,1924.1438888472046,2158.476355768876,3855.951683587703,0.08890611394640092,0.12519567041602633,-150.5408477783203,111.88287353515625,-11.934314727783203,22.9656925201416,-2.485987901687622,-4.649684429168701,-5.493919372558594,-2.837477445602417,-8.160083770751953,2.244631052017212,-5.300288200378418,-0.24147655069828033,-5.812463760375977,-1.8987313508987427,-4.284143447875977,2.3875553607940674,-5.234226226806641,3.5692379474639893,-6.612945556640625,1.371097207069397,cha_cha
cha_cha.33.au,0.3879982829093933,0.09380690008401871,1924.1438888472046,2158.476355768876,3855.951683587703,0.08890611394640092,0.12519567041602633,-150.5408477783203,111.88287353515625,-11.934314727783203,22.9656925201416,-2.485987901687622,-4.649684429168701,-5.493919372558594,-2.837477445602417,-8.160083770751953,2.244631052017212,-5.300288200378418,-0.24147655069828033,-5.812463760375977,-1.8987313508987427,-4.284143447875977,2.3875553607940674,-5.234226226806641,3.5692379474639893,-6.612945556640625,1.371097207069397,cha_cha
cha_cha.34.au,0.3879982829093933,0.09380690008401871,1924.1438888472046,2158.476355768876,3855.951683587703,0.08890611394640092,0.12519567041602633,-150.5408477783203,111.88287353515625,-11.934314727783203,22.9656925201416,-2.485987901687622,-4.649684429168701,-5.493919372558594,-2.837477445602417,-8.160083770751953,2.244631052017212,-5.300288200378418,-0.24147655069828033,-5.812463760375977,-1.8987313508987427,-4.284143447875977,2.3875553607940674,-5.234226226806641,3.5692379474639893,-6.612945556640625,1.371097207069397,cha_cha
cha_cha.35.au,0.3879982829093933,0.09380690008401871,1924.1438888472046,2158.476355768876,3855.951683587703,0.08890611394640092,0.12519567041602633,-150.5408477783203,111.88287353515625,-11.934314727783203,22.9656925201416,-2.485987901687622,-4.649684429168701,-5.493919372558594,-2.837477445602417,-8.160083770751953,2.244631052017212,-5.300288200378418,-0.24147655069828033,-5.812463760375977,-1.8987313508987427,-4.284143447875977,2.3875553607940674,-5.234226226806641,3.5692379474639893,-6.612945556640625,1.371097207069397,cha_cha
cha_cha.36.au,0.3879982829093933,0.09380690008401871,1924.1438888472046,2158.476355768876,3855.951683587703,0.08890611394640092,0.12519567041602633,-150.5408477783203,111.88287353515625,-11.934314727783203,22.9656925201416,-2.485987901687622,-4.649684429168701,-5.493919372558594,-2.837477445602417,-8.160083770751953,2.244631052017212,-5.300288200378418,-0.24147655069828033,-5.812463760375977,-1.8987313508987427,-4.284143447875977,2.3875553607940674,-5.234226226806641,3.5692379474639893,-6.612945556640625,1.371097207069397,cha_cha
cha_cha.37.au,0.3879982829093933,0.09380690008401871,1924.1438888472046,2158.476355768876,3855.951683587703,0.08890611394640092,0.12519567041602633,-150.5408477783203,111.88287353515625,-11.934314727783203,22.9656925201416,-2.485987901687622,-4.649684429168701,-5.493919372558594,-2.837477445602417,-8.160083770751953,2.244631052017212,-5.300288200378418,-0.24147655069828033,-5.812463760375977,-1.8987313508987427,-4.284143447875977,2.3875553607940674,-5.234226226806641,3.5692379474639893,-6.612945556640625,1.371097207069397,cha_cha
cha_cha.38.au,0.3879982829093933,0.09380690008401871,1924.1438888472046,2158.476355768876,3855.951683587703,0.08890611394640092,0.12519567041602633,-150.5408477783203,111.88287353515625,-11.934314727783203,22.9656925201416,-2.485987901687622,-4.649684429168701,-5.493919372558594,-2.837477445602417,-8.160083770751953,2.244631052017212,-5.300288200378418,-0.24147655069828033,-5.812463760375977,-1.8987313508987427,-4.284143447875977,2.3875553607940674,-5.234226226806641,3.5692379474639893,-6.612945556640625,1.371097207069397,cha_cha
cha_cha.39.au,0.3879982829093933,0.09380690008401871,1924.1438888472046,2158.476355768876,3855.951683587703,0.08890611394640092,0.12519567041602633,-150.5408477783203,111.88287353515625,-11.934314727783203,22.9656925201416,-2.485987901687622,-4.649684429168701,-5.493919372558594,-2.837477445602417,-8.160083770751953,2.244631052017212,-5.300288200378418,-0.24147655069828033,-5.812463760375977,-1.8987313508987427,-4.284143447875977,2.3875553607940674,-5.234226226806641,3.5692379474639893,-6.612945556640625,1.371097207069397,cha_cha
cha_cha.4.au,0.3508305251598358,0.15913812816143036,2061.8702207331967,2336.2046158007224,4535.989238160313,0.07655622641737617,0.11874588255908856,-129.0403594970703,99.37487030029297,11.132122039794922,32.47382354736328,-14.621390342712402,11.698138236999512,-0.26197922229766846,0.6065916419029236,-4.848155498504639,6.123898029327393,-5.618956089019775,5.488104343414307,-4.696445941925049,6.382175922393799,-1.2548519372940063,2.4409265518188477,-8.660788536071777,-2.0355184078216553,-4.651698589324951,-3.1641552448272705,cha_cha
cha_cha.40.au,0.3879982829093933,0.09380690008401871,1924.1438888472046,2158.476355768876,3855.951683587703,0.08890611394640092,0.12519567041602633,-150.5408477783203,111.88287353515625,-11.934314727783203,22.9656925201416,-2.485987901687622,-4.649684429168701,-5.493919372558594,-2.837477445602417,-8.160083770751953,2.244631052017212,-5.300288200378418,-0.24147655069828033,-5.812463760375977,-1.8987313508987427,-4.284143447875977,2.3875553607940674,-5.234226226806641,3.5692379474639893,-6.612945556640625,1.371097207069397,cha_cha
cha_cha.41.au,0.3879982829093933,0.09380690008401871,1924.1438888472046,2158.476355768876,3855.951683587703,0.08890611394640092,0.12519567041602633,-150.5408477783203,111.88287353515625,-11.934314727783203,22.9656925201416,-2.485987901687622,-4.649684429168701,-5.493919372558594,-2.837477445602417,-8.160083770751953,2.244631052017212,-5.300288200378418,-0.24147655069828033,-5.812463760375977,-1.8987313508987427,-4.284143447875977,2.3875553607940674,-5.234226226806641,3.5692379474639893,-6.612945556640625,1.371097207069397,cha_cha
cha_cha.42.au,0.3879982829093933,0.09380690008401871,1924.1438888472046,2158.476355768876,3855.951683587703,0.08890611394640092,0.12519567041602633,-150.5408477783203,111.88287353515625,-11.934314727783203,22.9656925201416,-2.485987901687622,-4.649684429168701,-5.493919372558594,-2.837477445602417,-8.160083770751953,2.244631052017212,-5.300288200378418,-0.24147655069828033,-5.812463760375977,-1.8987313508987427,-4.284143447875977,2.3875553607940674,-5.234226226806641,3.5692379474639893,-6.612945556640625,1.371097207069397,cha_cha
cha_cha.43.au,0.3879982829093933,0.09380690008401871,1924.1438888472046,2158.476355768876,3855.951683587703,0.08890611394640092,0.12519567041602633,-150.5408477783203,111.88287353515625,-11.934314727783203,22.9656925201416,-2.485987901687622,-4.649684429168701,-5.493919372558594,-2.837477445602417,-8.160083770751953,2.244631052017212,-5.300288200378418,-0.24147655069828033,-5.812463760375977,-1.8987313508987427,-4.284143447875977,2.3875553607940674,-5.234226226806641,3.5692379474639893,-6.612945556640625,1.371097207069397,cha_cha
cha_cha.44.au,0.3879982829093933,0.09380690008401871,1924.1438888472046,2158.476355768876,3855.951683587703,0.08890611394640092,0.12519567041602633,-150.5408477783203,111.88287353515625,-11.934314727783203,22.9656925201416,-2.485987901687622,-4.649684429168701,-5.493919372558594,-2.837477445602417,-8.160083770751953,2.244631052017212,-5.300288200378418,-0.24147655069828033,-5.812463760375977,-1.8987313508987427,-4.284143447875977,2.3875553607940674,-5.234226226806641,3.5692379474639893,-6.612945556640625,1.371097207069397,cha_cha
cha_cha.45.au,0.3879982829093933,0.09380690008401871,1924.1438888472046,2158.476355768876,3855.951683587703,0.08890611394640092,0.12519567041602633,-150.5408477783203,111.88287353515625,-11.934314727783203,22.9656925201416,-2.485987901687622,-4.649684429168701,-5.493919372558594,-2.837477445602417,-8.160083770751953,2.244631052017212,-5.300288200378418,-0.24147655069828033,-5.812463760375977,-1.8987313508987427,-4.284143447875977,2.3875553607940674,-5.234226226806641,3.5692379474639893,-6.612945556640625,1.371097207069397,cha_cha
cha_cha.46.au,0.3879982829093933,0.09380690008401871,1924.1438888472046,2158.476355768876,3855.951683587703,0.08890611394640092,0.12519567041602633,-150.5408477783203,111.88287353515625,-11.934314727783203,22.9656925201416,-2.485987901687622,-4.649684429168701,-5.493919372558594,-2.837477445602417,-8.160083770751953,2.244631052017212,-5.300288200378418,-0.24147655069828033,-5.812463760375977,-1.8987313508987427,-4.284143447875977,2.3875553607940674,-5.234226226806641,3.5692379474639893,-6.612945556640625,1.371097207069397,cha_cha
cha_cha.47.au,0.3879982829093933,0.09380690008401871,1924.1438888472046,2158.476355768876,3855.951683587703,0.08890611394640092,0.12519567041602633,-150.5408477783203,111.88287353515625,-11.934314727783203,22.9656925201416,-2.485987901687622,-4.649684429168701,-5.493919372558594,-2.837477445602417,-8.160083770751953,2.244631052017212,-5.300288200378418,-0.24147655069828033,-5.812463760375977,-1.8987313508987427,-4.284143447875977,2.3875553607940674,-5.234226226806641,3.5692379474639893,-6.612945556640625,1.371097207069397,cha_cha
cha_cha.48.au,0.3879982829093933,0.09380690008401871,1924.1438888472046,2158.476355768876,3855.951683587703,0.08890611394640092,0.12519567041602633,-150.5408477783203,111.88287353515625,-11.934314727783203,22.9656925201416,-2.485987901687622,-4.649684429168701,-5.493919372558594,-2.837477445602417,-8.160083770751953,2.244631052017212,-5.300288200378418,-0.24147655069828033,-5.812463760375977,-1.8987313508987427,-4.284143447875977,2.3875553607940674,-5.234226226806641,3.5692379474639893,-6.612945556640625,1.371097207069397,cha_cha
cha_cha.49.au,0.3459041118621826,0.1719747632741928,2233.491226319851,2465.1616412999947,4896.8120563140965,0.08461362289570433,0.09902398229221833,-101.71561431884766,90.72896575927734,2.9336397647857666,20.46141242980957,-12.697205543518066,1.4212640523910522,-11.17645263671875,-1.8190934658050537,-2.9558098316192627,3.674818992614746,-8.448188781738281,-5.394659519195557,-12.308077812194824,-8.562605857849121,-14.691643714904785,-4.4083733558654785,-7.4546003341674805,-0.7962680459022522,-6.440020561218262,-1.3556015491485596,cha_cha
cha_cha.5.au,0.3508305251598358,0.15913812816143036,2061.8702207331967,2336.2046158007224,4535.989238160313,0.07655622641737617,0.11874588255908856,-129.0403594970703,99.37487030029297,11.132122039794922,32.47382354736328,-14.621390342712402,11.698138236999512,-0.26197922229766846,0.6065916419029236,-4.848155498504639,6.123898029327393,-5.618956089019775,5.488104343414307,-4.696445941925049,6.382175922393799,-1.2548519372940063,2.4409265518188477,-8.660788536071777,-2.0355184078216553,-4.651698589324951,-3.1641552448272705,cha_cha
cha_cha.50.au,0.3459041118621826,0.1719747632741928,2233.491226319851,2465.1616412999947,4896.8120563140965,0.08461362289570433,0.09902398229221833,-101.71561431884766,90.72896575927734,2.9336397647857666,20.46141242980957,-12.697205543518066,1.4212640523910522,-11.17645263671875,-1.8190934658050537,-2.9558098316192627,3.674818992614746,-8.448188781738281,-5.394659519195557,-12.308077812194824,-8.562605857849121,-14.691643714904785,-4.4083733558654785,-7.4546003341674805,-0.7962680459022522,-6.440020561218262,-1.3556015491485596,cha_cha
cha_cha.51.au,0.3459041118621826,0.1719747632741928,2233.491226319851,2465.1616412999947,4896.8120563140965,0.08461362289570433,0.09902398229221833,-101.71561431884766,90.72896575927734,2.9336397647857666,20.46141242980957,-12.697205543518066,1.4212640523910522,-11.17645263671875,-1.8190934658050537,-2.9558098316192627,3.674818992614746,-8.448188781738281,-5.394659519195557,-12.308077812194824,-8.562605857849121,-14.691643714904785,-4.4083733558654785,-7.4546003341674805,-0.7962680459022522,-6.440020561218262,-1.3556015491485596,cha_cha
cha_cha.52.au,0.3459041118621826,0.1719747632741928,2233.491226319851,2465.1616412999947,4896.8120563140965,0.08461362289570433,0.09902398229221833,-101.71561431884766,90.72896575927734,2.9336397647857666,20.46141242980957,-12.697205543518066,1.4212640523910522,-11.17645263671875,-1.8190934658050537,-2.9558098316192627,3.674818992614746,-8.448188781738281,-5.394659519195557,-12.308077812194824,-8.562605857849121,-14.691643714904785,-4.4083733558654785,-7.4546003341674805,-0.7962680459022522,-6.440020561218262,-1.3556015491485596,cha_cha
cha_cha.53.au,0.3459041118621826,0.1719747632741928,2233.491226319851,2465.1616412999947,4896.8120563140965,0.08461362289570433,0.09902398229221833,-101.71561431884766,90.72896575927734,2.9336397647857666,20.46141242980957,-12.697205543518066,1.4212640523910522,-11.17645263671875,-1.8190934658050537,-2.9558098316192627,3.674818992614746,-8.448188781738281,-5.394659519195557,-12.308077812194824,-8.562605857849121,-14.691643714904785,-4.4083733558654785,-7.4546003341674805,-0.7962680459022522,-6.440020561218262,-1.3556015491485596,cha_cha
cha_cha.54.au,0.3459041118621826,0.1719747632741928,2233.491226319851,2465.1616412999947,4896.8120563140965,0.08461362289570433,0.09902398229221833,-101.71561431884766,90.72896575927734,2.9336397647857666,20.46141242980957,-12.697205543518066,1.4212640523910522,-11.17645263671875,-1.8190934658050537,-2.9558098316192627,3.674818992614746,-8.448188781738281,-5.394659519195557,-12.308077812194824,-8.562605857849121,-14.691643714904785,-4.4083733558654785,-7.4546003341674805,-0.7962680459022522,-6.440020561218262,-1.3556015491485596,cha_cha
cha_cha.55.au,0.3459041118621826,0.1719747632741928,2233.491226319851,2465.1616412999947,4896.8120563140965,0.08461362289570433,0.09902398229221833,-101.71561431884766,90.72896575927734,2.9336397647857666,20.46141242980957,-12.697205543518066,1.4212640523910522,-11.17645263671875,-1.8190934658050537,-2.9558098316192627,3.674818992614746,-8.448188781738281,-5.394659519195557,-12.308077812194824,-8.562605857849121,-14.691643714904785,-4.4083733558654785,-7.4546003341674805,-0.7962680459022522,-6.440020561218262,-1.3556015491485596,cha_cha
cha_cha.56.au,0.3459041118621826,0.1719747632741928,2233.491226319851,2465.1616412999947,4896.8120563140965,0.08461362289570433,0.09902398229221833,-101.71561431884766,90.72896575927734,2.9336397647857666,20.46141242980957,-12.697205543518066,1.4212640523910522,-11.17645263671875,-1.8190934658050537,-2.9558098316192627,3.674818992614746,-8.448188781738281,-5.394659519195557,-12.308077812194824,-8.562605857849121,-14.691643714904785,-4.4083733558654785,-7.4546003341674805,-0.7962680459022522,-6.440020561218262,-1.3556015491485596,cha_cha
cha_cha.57.au,0.3459041118621826,0.1719747632741928,2233.491226319851,2465.1616412999947,4896.8120563140965,0.08461362289570433,0.09902398229221833,-101.71561431884766,90.72896575927734,2.9336397647857666,20.46141242980957,-12.697205543518066,1.4212640523910522,-11.17645263671875,-1.8190934658050537,-2.9558098316192627,3.674818992614746,-8.448188781738281,-5.394659519195557,-12.308077812194824,-8.562605857849121,-14.691643714904785,-4.4083733558654785,-7.4546003341674805,-0.7962680459022522,-6.440020561218262,-1.3556015491485596,cha_cha
cha_cha.58.au,0.3459041118621826,0.1719747632741928,2233.491226319851,2465.1616412999947,4896.8120563140965,0.08461362289570433,0.09902398229221833,-101.71561431884766,90.72896575927734,2.9336397647857666,20.46141242980957,-12.697205543518066,1.4212640523910522,-11.17645263671875,-1.8190934658050537,-2.9558098316192627,3.674818992614746,-8.448188781738281,-5.394659519195557,-12.308077812194824,-8.562605857849121,-14.691643714904785,-4.4083733558654785,-7.4546003341674805,-0.7962680459022522,-6.440020561218262,-1.3556015491485596,cha_cha
cha_cha.59.au,0.3459041118621826,0.1719747632741928,2233.491226319851,2465.1616412999947,4896.8120563140965,0.08461362289570433,0.09902398229221833,-101.71561431884766,90.72896575927734,2.9336397647857666,20.46141242980957,-12.697205543518066,1.4212640523910522,-11.17645263671875,-1.8190934658050537,-2.9558098316192627,3.674818992614746,-8.448188781738281,-5.394659519195557,-12.308077812194824,-8.562605857849121,-14.691643714904785,-4.4083733558654785,-7.4546003341674805,-0.7962680459022522,-6.440020561218262,-1.3556015491485596,cha_cha
cha_cha.6.au,0.3508305251598358,0.15913812816143036,2061.8702207331967,2336.2046158007224,4535.989238160313,0.07655622641737617,0.11874588255908856,-129.0403594970703,99.37487030029297,11.132122039794922,32.47382354736328,-14.621390342712402,11.698138236999512,-0.26197922229766846,0.6065916419029236,-4.848155498504639,6.123898029327393,-5.618956089019775,5.488104343414307,-4.696445941925049,6.382175922393799,-1.2548519372940063,2.4409265518188477,-8.660788536071777,-2.0355184078216553,-4.651698589324951,-3.1641552448272705,cha_cha
cha_cha.60.au,0.3459041118621826,0.1719747632741928,2233.491226319851,2465.1616412999947,4896.8120563140965,0.08461362289570433,0.09902398229221833,-101.71561431884766,90.72896575927734,2.9336397647857666,20.46141242980957,-12.697205543518066,1.4212640523910522,-11.17645263671875,-1.8190934658050537,-2.9558098316192627,3.674818992614746,-8.448188781738281,-5.394659519195557,-12.308077812194824,-8.562605857849121,-14.691643714904785,-4.4083733558654785,-7.4546003341674805,-0.7962680459022522,-6.440020561218262,-1.3556015491485596,cha_cha
cha_cha.61.au,0.36636480689048767,0.16633769869804382,1931.1039753214577,2135.724883199071,4095.7002338610196,0.07887934162151702,0.12963851530494078,-105.95167541503906,106.29873657226562,-18.08343505859375,18.974666595458984,-13.003561973571777,8.4893217086792,-6.417392730712891,10.319438934326172,1.4938137531280518,5.858764171600342,1.8755230903625488,2.4963691234588623,-4.562856674194336,1.9934450387954712,-1.8604142665863037,5.882272243499756,-0.8433244824409485,0.9110198020935059,-6.818957805633545,0.8942737579345703,cha_cha
cha_cha.62.au,0.36636480689048767,0.16633769869804382,1931.1039753214577,2135.724883199071,4095.7002338610196,0.07887934162151702,0.12963851530494078,-105.95167541503906,106.29873657226562,-18.08343505859375,18.974666595458984,-13.003561973571777,8.4893217086792,-6.417392730712891,10.319438934326172,1.4938137531280518,5.858764171600342,1.8755230903625488,2.4963691234588623,-4.562856674194336,1.9934450387954712,-1.8604142665863037,5.882272243499756,-0.8433244824409485,0.9110198020935059,-6.818957805633545,0.8942737579345703,cha_cha
cha_cha.63.au,0.36636480689048767,0.16633769869804382,1931.1039753214577,2135.724883199071,4095.7002338610196,0.07887934162151702,0.12963851530494078,-105.95167541503906,106.29873657226562,-18.08343505859375,18.974666595458984,-13.003561973571777,8.4893217086792,-6.417392730712891,10.319438934326172,1.4938137531280518,5.858764171600342,1.8755230903625488,2.4963691234588623,-4.562856674194336,1.9934450387954712,-1.8604142665863037,5.882272243499756,-0.8433244824409485,0.9110198020935059,-6.818957805633545,0.8942737579345703,cha_cha
cha_cha.64.au,0.36636480689048767,0.16633769869804382,1931.1039753214577,2135.724883199071,4095.7002338610196,0.07887934162151702,0.12963851530494078,-105.95167541503906,106.29873657226562,-18.08343505859375,18.974666595458984,-13.003561973571777,8.4893217086792,-6.417392730712891,10.319438934326172,1.4938137531280518,5.858764171600342,1.8755230903625488,2.4963691234588623,-4.562856674194336,1.9934450387954712,-1.8604142665863037,5.882272243499756,-0.8433244824409485,0.9110198020935059,-6.818957805633545,0.8942737579345703,cha_cha
cha_cha.65.au,0.36636480689048767,0.16633769869804382,1931.1039753214577,2135.724883199071,4095.7002338610196,0.07887934162151702,0.12963851530494078,-105.95167541503906,106.29873657226562,-18.08343505859375,18.974666595458984,-13.003561973571777,8.4893217086792,-6.417392730712891,10.319438934326172,1.4938137531280518,5.858764171600342,1.8755230903625488,2.4963691234588623,-4.562856674194336,1.9934450387954712,-1.8604142665863037,5.882272243499756,-0.8433244824409485,0.9110198020935059,-6.818957805633545,0.8942737579345703,cha_cha
cha_cha.66.au,0.36636480689048767,0.16633769869804382,1931.1039753214577,2135.724883199071,4095.7002338610196,0.07887934162151702,0.12963851530494078,-105.95167541503906,106.29873657226562,-18.08343505859375,18.974666595458984,-13.003561973571777,8.4893217086792,-6.417392730712891,10.319438934326172,1.4938137531280518,5.858764171600342,1.8755230903625488,2.4963691234588623,-4.562856674194336,1.9934450387954712,-1.8604142665863037,5.882272243499756,-0.8433244824409485,0.9110198020935059,-6.818957805633545,0.8942737579345703,cha_cha
cha_cha.67.au,0.36636480689048767,0.16633769869804382,1931.1039753214577,2135.724883199071,4095.7002338610196,0.07887934162151702,0.12963851530494078,-105.95167541503906,106.29873657226562,-18.08343505859375,18.974666595458984,-13.003561973571777,8.4893217086792,-6.417392730712891,10.319438934326172,1.4938137531280518,5.858764171600342,1.8755230903625488,2.4963691234588623,-4.562856674194336,1.9934450387954712,-1.8604142665863037,5.882272243499756,-0.8433244824409485,0.9110198020935059,-6.818957805633545,0.8942737579345703,cha_cha
cha_cha.68.au,0.36636480689048767,0.16633769869804382,1931.1039753214577,2135.724883199071,4095.7002338610196,0.07887934162151702,0.12963851530494078,-105.95167541503906,106.29873657226562,-18.08343505859375,18.974666595458984,-13.003561973571777,8.4893217086792,-6.417392730712891,10.319438934326172,1.4938137531280518,5.858764171600342,1.8755230903625488,2.4963691234588623,-4.562856674194336,1.9934450387954712,-1.8604142665863037,5.882272243499756,-0.8433244824409485,0.9110198020935059,-6.818957805633545,0.8942737579345703,cha_cha
cha_cha.69.au,0.36636480689048767,0.16633769869804382,1931.1039753214577,2135.724883199071,4095.7002338610196,0.07887934162151702,0.12963851530494078,-105.95167541503906,106.29873657226562,-18.08343505859375,18.974666595458984,-13.003561973571777,8.4893217086792,-6.417392730712891,10.319438934326172,1.4938137531280518,5.858764171600342,1.8755230903625488,2.4963691234588623,-4.562856674194336,1.9934450387954712,-1.8604142665863037,5.882272243499756,-0.8433244824409485,0.9110198020935059,-6.818957805633545,0.8942737579345703,cha_cha
cha_cha.7.au,0.3508305251598358,0.15913812816143036,2061.8702207331967,2336.2046158007224,4535.989238160313,0.07655622641737617,0.11874588255908856,-129.0403594970703,99.37487030029297,11.132122039794922,32.47382354736328,-14.621390342712402,11.698138236999512,-0.26197922229766846,0.6065916419029236,-4.848155498504639,6.123898029327393,-5.618956089019775,5.488104343414307,-4.696445941925049,6.382175922393799,-1.2548519372940063,2.4409265518188477,-8.660788536071777,-2.0355184078216553,-4.651698589324951,-3.1641552448272705,cha_cha
cha_cha.70.au,0.36636480689048767,0.16633769869804382,1931.1039753214577,2135.724883199071,4095.7002338610196,0.07887934162151702,0.12963851530494078,-105.95167541503906,106.29873657226562,-18.08343505859375,18.974666595458984,-13.003561973571777,8.4893217086792,-6.417392730712891,10.319438934326172,1.4938137531280518,5.858764171600342,1.8755230903625488,2.4963691234588623,-4.562856674194336,1.9934450387954712,-1.8604142665863037,5.882272243499756,-0.8433244824409485,0.9110198020935059,-6.818957805633545,0.8942737579345703,cha_cha
cha_cha.71.au,0.36636480689048767,0.16633769869804382,1931.1039753214577,2135.724883199071,4095.7002338610196,0.07887934162151702,0.12963851530494078,-105.95167541503906,106.29873657226562,-18.08343505859375,18.974666595458984,-13.003561973571777,8.4893217086792,-6.417392730712891,10.319438934326172,1.4938137531280518,5.858764171600342,1.8755230903625488,2.4963691234588623,-4.562856674194336,1.9934450387954712,-1.8604142665863037,5.882272243499756,-0.8433244824409485,0.9110198020935059,-6.818957805633545,0.8942737579345703,cha_cha
cha_cha.72.au,0.36636480689048767,0.16633769869804382,1931.1039753214577,2135.724883199071,4095.7002338610196,0.07887934162151702,0.12963851530494078,-105.95167541503906,106.29873657226562,-18.08343505859375,18.974666595458984,-13.003561973571777,8.4893217086792,-6.417392730712891,10.319438934326172,1.4938137531280518,5.858764171600342,1.8755230903625488,2.4963691234588623,-4.562856674194336,1.9934450387954712,-1.8604142665863037,5.882272243499756,-0.8433244824409485,0.9110198020935059,-6.818957805633545,0.8942737579345703,cha_cha
cha_cha.73.au,0.4015285074710846,0.1428062617778778,2146.52177842576,2193.912577069355,4305.432298973249,0.10161767729295666,0.10158109474982138,-111.61192321777344,101.87797546386719,-21.049985885620117,16.016809463500977,1.7435877323150635,8.829943656921387,-5.703529357910156,3.869666337966919,-1.5330748558044434,2.041914701461792,-2.219078302383423,3.4888916015625,-4.794434547424316,-2.0906758308410645,-6.957706928253174,-2.5527260303497314,-5.955252647399902,-0.25570690631866455,-6.367107391357422,-0.2786402404308319,cha_cha
cha_cha.74.au,0.4015285074710846,0.1428062617778778,2146.52177842576,2193.912577069355,4305.432298973249,0.10161767729295666,0.10158109474982138,-111.61192321777344,101.87797546386719,-21.049985885620117,16.016809463500977,1.7435877323150635,8.829943656921387,-5.703529357910156,3.869666337966919,-1.5330748558044434,2.041914701461792,-2.219078302383423,3.4888916015625,-4.794434547424316,-2.0906758308410645,-6.957706928253174,-2.5527260303497314,-5.955252647399902,-0.25570690631866455,-6.367107391357422,-0.2786402404308319,cha_cha
cha_cha.75.au,0.4015285074710846,0.1428062617778778,2146.52177842576,2193.912577069355,4305.432298973249,0.10161767729295666,0.10158109474982138,-111.61192321777344,101.87797546386719,-21.049985885620117,16.016809463500977,1.7435877323150635,8.829943656921387,-5.703529357910156,3.869666337966919,-1.5330748558044434,2.041914701461792,-2.219078302383423,3.4888916015625,-4.794434547424316,-2.0906758308410645,-6.957706928253174,-2.5527260303497314,-5.955252647399902,-0.25570690631866455,-6.367107391357422,-0.2786402404308319,cha_cha
cha_cha.76.au,0.4015285074710846,0.1428062617778778,2146.52177842576,2193.912577069355,4305.432298973249,0.10161767729295666,0.10158109474982138,-111.61192321777344,101.87797546386719,-21.049985885620117,16.016809463500977,1.7435877323150635,8.829943656921387,-5.703529357910156,3.869666337966919,-1.5330748558044434,2.041914701461792,-2.219078302383423,3.4888916015625,-4.794434547424316,-2.0906758308410645,-6.957706928253174,-2.5527260303497314,-5.955252647399902,-0.25570690631866455,-6.367107391357422,-0.2786402404308319,cha_cha
cha_cha.77.au,0.4015285074710846,0.1428062617778778,2146.52177842576,2193.912577069355,4305.432298973249,0.10161767729295666,0.10158109474982138,-111.61192321777344,101.87797546386719,-21.049985885620117,16.016809463500977,1.7435877323150635,8.829943656921387,-5.703529357910156,3.869666337966919,-1.5330748558044434,2.041914701461792,-2.219078302383423,3.4888916015625,-4.794434547424316,-2.0906758308410645,-6.957706928253174,-2.5527260303497314,-5.955252647399902,-0.25570690631866455,-6.367107391357422,-0.2786402404308319,cha_cha
cha_cha.78.au,0.4015285074710846,0.1428062617778778,2146.52177842576,2193.912577069355,4305.432298973249,0.10161767729295666,0.10158109474982138,-111.61192321777344,101.87797546386719,-21.049985885620117,16.016809463500977,1.7435877323150635,8.829943656921387,-5.703529357910156,3.869666337966919,-1.5330748558044434,2.041914701461792,-2.219078302383423,3.4888916015625,-4.794434547424316,-2.0906758308410645,-6.957706928253174,-2.5527260303497314,-5.955252647399902,-0.25570690631866455,-6.367107391357422,-0.2786402404308319,cha_cha
cha_cha.79.au,0.4015285074710846,0.1428062617778778,2146.52177842576,2193.912577069355,4305.432298973249,0.10161767729295666,0.10158109474982138,-111.61192321777344,101.87797546386719,-21.049985885620117,16.016809463500977,1.7435877323150635,8.829943656921387,-5.703529357910156,3.869666337966919,-1.5330748558044434,2.041914701461792,-2.219078302383423,3.4888916015625,-4.794434547424316,-2.0906758308410645,-6.957706928253174,-2.5527260303497314,-5.955252647399902,-0.25570690631866455,-6.367107391357422,-0.2786402404308319,cha_cha
cha_cha.8.au,0.3508305251598358,0.15913812816143036,2061.8702207331967,2336.2046158007224,4535.989238160313,0.07655622641737617,0.11874588255908856,-129.0403594970703,99.37487030029297,11.132122039794922,32.47382354736328,-14.621390342712402,11.698138236999512,-0.26197922229766846,0.6065916419029236,-4.848155498504639,6.123898029327393,-5.618956089019775,5.488104343414307,-4.696445941925049,6.382175922393799,-1.2548519372940063,2.4409265518188477,-8.660788536071777,-2.0355184078216553,-4.651698589324951,-3.1641552448272705,cha_cha
cha_cha.80.au,0.4015285074710846,0.1428062617778778,2146.52177842576,2193.912577069355,4305.432298973249,0.10161767729295666,0.10158109474982138,-111.61192321777344,101.87797546386719,-21.049985885620117,16.016809463500977,1.7435877323150635,8.829943656921387,-5.703529357910156,3.869666337966919,-1.5330748558044434,2.041914701461792,-2.219078302383423,3.4888916015625,-4.794434547424316,-2.0906758308410645,-6.957706928253174,-2.5527260303497314,-5.955252647399902,-0.25570690631866455,-6.367107391357422,-0.2786402404308319,cha_cha
cha_cha.81.au,0.4015285074710846,0.1428062617778778,2146.52177842576,2193.912577069355,4305.432298973249,0.10161767729295666,0.10158109474982138,-111.61192321777344,101.87797546386719,-21.049985885620117,16.016809463500977,1.7435877323150635,8.829943656921387,-5.703529357910156,3.869666337966919,-1.5330748558044434,2.041914701461792,-2.219078302383423,3.4888916015625,-4.794434547424316,-2.0906758308410645,-6.957706928253174,-2.5527260303497314,-5.955252647399902,-0.25570690631866455,-6.367107391357422,-0.2786402404308319,cha_cha
cha_cha.82.au,0.4015285074710846,0.1428062617778778,2146.52177842576,2193.912577069355,4305.432298973249,0.10161767729295666,0.10158109474982138,-111.61192321777344,101.87797546386719,-21.049985885620117,16.016809463500977,1.7435877323150635,8.829943656921387,-5.703529357910156,3.869666337966919,-1.5330748558044434,2.041914701461792,-2.219078302383423,3.4888916015625,-4.794434547424316,-2.0906758308410645,-6.957706928253174,-2.5527260303497314,-5.955252647399902,-0.25570690631866455,-6.367107391357422,-0.2786402404308319,cha_cha
cha_cha.83.au,0.4015285074710846,0.1428062617778778,2146.52177842576,2193.912577069355,4305.432298973249,0.10161767729295666,0.10158109474982138,-111.61192321777344,101.87797546386719,-21.049985885620117,16.016809463500977,1.7435877323150635,8.829943656921387,-5.703529357910156,3.869666337966919,-1.5330748558044434,2.041914701461792,-2.219078302383423,3.4888916015625,-4.794434547424316,-2.0906758308410645,-6.957706928253174,-2.5527260303497314,-5.955252647399902,-0.25570690631866455,-6.367107391357422,-0.2786402404308319,cha_cha
cha_cha.84.au,0.4015285074710846,0.1428062617778778,2146.52177842576,2193.912577069355,4305.432298973249,0.10161767729295666,0.10158109474982138,-111.61192321777344,101.87797546386719,-21.049985885620117,16.016809463500977,1.7435877323150635,8.829943656921387,-5.703529357910156,3.869666337966919,-1.5330748558044434,2.041914701461792,-2.219078302383423,3.4888916015625,-4.794434547424316,-2.0906758308410645,-6.957706928253174,-2.5527260303497314,-5.955252647399902,-0.25570690631866455,-6.367107391357422,-0.2786402404308319,cha_cha
cha_cha.85.au,0.34976494312286377,0.1384454220533371,1513.6848538331315,2047.936278098038,3172.214151388351,0.055609641060371515,0.09216943763548789,-174.925537109375,126.92852783203125,20.321348190307617,26.821096420288086,0.7287885546684265,11.839485168457031,-2.549180030822754,10.26086711883545,-0.7706510424613953,3.867861032485962,-4.423677921295166,1.4905561208724976,-2.9519383907318115,-1.8247028589248657,-4.2991228103637695,4.2804107666015625,3.8008923530578613,8.697595596313477,3.739062786102295,4.190791130065918,cha_cha
cha_cha.86.au,0.34976494312286377,0.1384454220533371,1513.6848538331315,2047.936278098038,3172.214151388351,0.055609641060371515,0.09216943763548789,-174.925537109375,126.92852783203125,20.321348190307617,26.821096420288086,0.7287885546684265,11.839485168457031,-2.549180030822754,10.26086711883545,-0.7706510424613953,3.867861032485962,-4.423677921295166,1.4905561208724976,-2.9519383907318115,-1.8247028589248657,-4.2991228103637695,4.2804107666015625,3.8008923530578613,8.697595596313477,3.739062786102295,4.190791130065918,cha_cha
cha_cha.87.au,0.34976494312286377,0.1384454220533371,1513.6848538331315,2047.936278098038,3172.214151388351,0.055609641060371515,0.09216943763548789,-174.925537109375,126.92852783203125,20.321348190307617,26.821096420288086,0.7287885546684265,11.839485168457031,-2.549180030822754,10.26086711883545,-0.7706510424613953,3.867861032485962,-4.423677921295166,1.4905561208724976,-2.9519383907318115,-1.8247028589248657,-4.2991228103637695,4.2804107666015625,3.8008923530578613,8.697595596313477,3.739062786102295,4.190791130065918,cha_cha
cha_cha.88.au,0.34976494312286377,0.1384454220533371,1513.6848538331315,2047.936278098038,3172.214151388351,0.055609641060371515,0.09216943763548789,-174.925537109375,126.92852783203125,20.321348190307617,26.821096420288086,0.7287885546684265,11.839485168457031,-2.549180030822754,10.26086711883545,-0.7706510424613953,3.867861032485962,-4.423677921295166,1.4905561208724976,-2.9519383907318115,-1.8247028589248657,-4.2991228103637695,4.2804107666015625,3.8008923530578613,8.697595596313477,3.739062786102295,4.190791130065918,cha_cha
cha_cha.89.au,0.34976494312286377,0.1384454220533371,1513.6848538331315,2047.936278098038,3172.214151388351,0.055609641060371515,0.09216943763548789,-174.925537109375,126.92852783203125,20.321348190307617,26.821096420288086,0.7287885546684265,11.839485168457031,-2.549180030822754,10.26086711883545,-0.7706510424613953,3.867861032485962,-4.423677921295166,1.4905561208724976,-2.9519383907318115,-1.8247028589248657,-4.2991228103637695,4.2804107666015625,3.8008923530578613,8.697595596313477,3.739062786102295,4.190791130065918,cha_cha
cha_cha.9.au,0.3508305251598358,0.15913812816143036,2061.8702207331967,2336.2046158007224,4535.989238160313,0.07655622641737617,0.11874588255908856,-129.0403594970703,99.37487030029297,11.132122039794922,32.47382354736328,-14.621390342712402,11.698138236999512,-0.26197922229766846,0.6065916419029236,-4.848155498504639,6.123898029327393,-5.618956089019775,5.488104343414307,-4.696445941925049,6.382175922393799,-1.2548519372940063,2.4409265518188477,-8.660788536071777,-2.0355184078216553,-4.651698589324951,-3.1641552448272705,cha_cha
cha_cha.90.au,0.34976494312286377,0.1384454220533371,1513.6848538331315,2047.936278098038,3172.214151388351,0.055609641060371515,0.09216943763548789,-174.925537109375,126.92852783203125,20.321348190307617,26.821096420288086,0.7287885546684265,11.839485168457031,-2.549180030822754,10.26086711883545,-0.7706510424613953,3.867861032485962,-4.423677921295166,1.4905561208724976,-2.9519383907318115,-1.8247028589248657,-4.2991228103637695,4.2804107666015625,3.8008923530578613,8.697595596313477,3.739062786102295,4.190791130065918,cha_cha
cha_cha.91.au,0.34976494312286377,0.1384454220533371,1513.6848538331315,2047.936278098038,3172.214151388351,0.055609641060371515,0.09216943763548789,-174.925537109375,126.92852783203125,20.321348190307617,26.821096420288086,0.7287885546684265,11.839485168457031,-2.549180030822754,10.26086711883545,-0.7706510424613953,3.867861032485962,-4.423677921295166,1.4905561208724976,-2.9519383907318115,-1.8247028589248657,-4.2991228103637695,4.2804107666015625,3.8008923530578613,8.697595596313477,3.739062786102295,4.190791130065918,cha_cha
cha_cha.92.au,0.34976494312286377,0.1384454220533371,1513.6848538331315,2047.936278098038,3172.214151388351,0.055609641060371515,0.09216943763548789,-174.925537109375,126.92852783203125,20.321348190307617,26.821096420288086,0.7287885546684265,11.839485168457031,-2.549180030822754,10.26086711883545,-0.7706510424613953,3.867861032485962,-4.423677921295166,1.4905561208724976,-2.9519383907318115,-1.8247028589248657,-4.2991228103637695,4.2804107666015625,3.8008923530578613,8.697595596313477,3.739062786102295,4.190791130065918,cha_cha
kizomba.1.au,0.38840562105178833,0.17228776216506958,1828.8575631717604,1631.96125957696,3422.9126354489163,0.08374968254160217,0.08714240872372021,-186.4630584716797,100.90973663330078,-50.80713653564453,24.342002868652344,2.0774810314178467,-4.932191371917725,4.439256191253662,5.890308856964111,-7.802239894866943,-1.797613501548767,-10.062753677368164,-5.902469635009766,-6.597049236297607,-2.288620710372925,-0.8081670999526978,-6.0711541175842285,-10.591519355773926,-8.417508125305176,-5.096224308013916,-5.148473262786865,kizomba
kizomba.2.au,0.23397956788539886,0.08594544976949692,2604.6330021401586,2608.5016189656185,5696.007223690257,0.1121032525880418,0.13957120348720473,-223.35520935058594,66.43912506103516,-10.96570110321045,-18.944910049438477,-16.11521339416504,-16.355607986450195,-14.9995756149292,-13.310898780822754,-10.229219436645508,-6.70420503616333,-16.72427749633789,-7.321746349334717,-12.677301406860352,-5.572020530700684,-5.771542549133301,-3.7629213333129883,-7.154782295227051,-5.667060375213623,-12.27888298034668,-7.227411270141602,kizomba
kizomba.3.au,0.3794478476047516,0.16339854896068573,1263.6904233134876,1301.8923306908048,2244.103096882256,0.06346106750677244,0.1316822994834931,-180.61038208007812,159.25184631347656,-16.1827335357666,-43.0799446105957,-12.816285133361816,-4.304902076721191,-15.581358909606934,-11.864731788635254,-13.555098533630371,-9.330794334411621,-11.947009086608887,-6.612839698791504,-10.674915313720703,-3.0763254165649414,-13.12126636505127,-10.006848335266113,-0.8694815039634705,-1.7366142272949219,-5.074403762817383,-1.2800456285476685,kizomba
kizomba.4.au,0.42453092336654663,0.24259819090366364,2187.4999884249123,2032.8824857119441,4272.140833615518,0.09857839106037151,0.08906265775424742,-110.16749572753906,87.85169219970703,-29.68838882446289,17.63934898376465,-9.603692054748535,-0.4510611295700073,-4.053452491760254,12.10106372833252,-4.917174339294434,-0.3904842138290405,-1.2814652919769287,-3.2936482429504395,-4.593140602111816,-1.4724406003952026,-9.411582946777344,-0.4953120946884155,-3.625875949859619,2.6556460857391357,1.3372039794921875,6.076523303985596,kizomba
kizomba.5.au,0.3068365752696991,0.19722285866737366,2500.601768239418,2561.1751678654696,5371.992516296198,0.1110669776751161,0.18025673847350432,-93.51853942871094,79.01233673095703,-7.68632698059082,5.459193706512451,-6.2140374183654785,-5.849020004272461,-19.259973526000977,-2.988524913787842,-12.105500221252441,-2.098798990249634,-8.676671981811523,-3.429642915725708,-7.738495349884033,0.5213868021965027,-5.74936056137085,-2.527487277984619,-1.9125988483428955,-1.4678092002868652,-10.572752952575684,-1.2750638723373413,kizomba
kizomba.6.au,0.3865029215812683,0.18701522052288055,2476.226680091943,2489.2545401607704,5114.252408148704,0.10291698916408669,0.10144484466261136,-105.85052490234375,77.30440521240234,-17.941173553466797,7.6647562980651855,2.3950400352478027,-2.3576884269714355,-11.7905855178833,-6.669175148010254,-12.320638656616211,-3.394414186477661,-5.156492233276367,-2.736178398132324,-6.389553070068359,3.383310556411743,-2.611839532852173,1.7816600799560547,-10.232813835144043,-2.363341808319092,-13.064114570617676,-2.266899824142456,kizomba
kizomba.7.au,0.45631396770477295,0.26837867498397827,1561.9808678105019,1799.4858066258814,3236.088765147301,0.055148948456849846,0.09407543028540084,-152.21775817871094,102.44911193847656,-14.075065612792969,33.533348083496094,13.202505111694336,6.616846561431885,-5.448144912719727,-0.4254785180091858,6.419608116149902,11.158818244934082,4.645900249481201,4.850938320159912,-0.6110620498657227,5.1202473640441895,2.312636375427246,3.8515565395355225,-2.038477659225464,-0.4797542691230774,-4.339507579803467,0.2069331854581833,kizomba
kizomba.8.au,0.20127587020397186,0.1624998152256012,2091.5593147631475,2050.5257196026555,4170.133117108891,0.09096619219233747,0.11263187204716438,-190.5756072998047,82.03038024902344,-35.0264892578125,-19.500940322875977,-13.393045425415039,-24.558855056762695,-29.983491897583008,-25.574745178222656,-26.999250411987305,-6.6170573234558105,-27.173023223876953,-11.469408988952637,-16.97281265258789,-4.138478755950928,-5.698120594024658,-3.819040298461914,3.2509706020355225,-0.012100030668079853,-5.998947620391846,4.036520004272461,kizomba
salsa.1.au,0.39229124784469604,0.14361326396465302,2303.588812763879,2387.141719322739,4860.603941926277,0.09747975824787151,0.11190331737932545,-134.2362060546875,86.87156677246094,-2.402618408203125,31.109561920166016,-2.403473138809204,4.812072277069092,-4.68021821975708,4.18284797668457,-2.2807979583740234,4.306187152862549,-4.473182678222656,-1.8212523460388184,-2.8555660247802734,-2.8162097930908203,-7.9772868156433105,1.7155671119689941,-6.644908428192139,0.6773363947868347,-3.3261680603027344,-2.6112606525421143,salsa
salsa.10.au,0.3663347065448761,0.09474615752696991,2859.6914821095793,2707.2879137722443,6121.729649404992,0.13837860390866874,0.1273897710084002,-129.55947875976562,66.43279266357422,2.479804277420044,23.289600372314453,-9.688730239868164,0.8971962928771973,-15.585997581481934,-4.338319778442383,-11.03573226928711,0.9522032141685486,-7.7095465660095215,0.945604145526886,-0.8806192278862,0.2680807113647461,-7.678168296813965,1.1272567510604858,-7.768186569213867,-0.5823405385017395,-5.145113945007324,-1.7450047731399536,salsa
salsa.11.au,0.2632819712162018,0.10010481625795364,2780.3501731536285,2673.462016560798,5965.747259275832,0.10623329564144737,0.12609706432581347,-154.4224395751953,58.143795013427734,7.44047737121582,27.785383224487305,-12.98092269897461,-4.774824142456055,-14.703662872314453,-2.9919683933258057,-13.757081985473633,-2.7928426265716553,-8.010204315185547,-0.663398027420044,-6.196500778198242,-0.2504890263080597,-4.458697319030762,1.7973568439483643,0.3366502821445465,4.620138168334961,-2.435584783554077,3.722637414932251,salsa
salsa.12.au,0.2632819712162018,0.10010481625795364,2780.3501731536285,2673.462016560798,5965.747259275832,0.10623329564144737,0.12609706432581347,-154.4224395751953,58.143795013427734,7.44047737121582,27.785383224487305,-12.98092269897461,-4.774824142456055,-14.703662872314453,-2.9919683933258057,-13.757081985473633,-2.7928426265716553,-8.010204315185547,-0.663398027420044,-6.196500778198242,-0.2504890263080597,-4.458697319030762,1.7973568439483643,0.3366502821445465,4.620138168334961,-2.435584783554077,3.722637414932251,salsa
salsa.13.au,0.36959633231163025,0.158563032746315,1795.210416676752,2354.536805720554,4067.600403776848,0.05528991510255418,0.13829457164964348,-136.4849395751953,108.06084442138672,18.882734298706055,31.27924919128418,-6.386528491973877,2.7156403064727783,-1.153106927871704,2.8027830123901367,-8.205482482910156,0.47200819849967957,-8.120038986206055,3.0237622261047363,-5.943288326263428,4.121298313140869,-6.488402366638184,1.249956488609314,-5.077174663543701,4.021873950958252,-1.8057786226272583,0.79294353723526,salsa
salsa.14.au,0.36959633231163025,0.158563032746315,1795.210416676752,2354.536805720554,4067.600403776848,0.05528991510255418,0.13829457164964348,-136.4849395751953,108.06084442138672,18.882734298706055,31.27924919128418,-6.386528491973877,2.7156403064727783,-1.153106927871704,2.8027830123901367,-8.205482482910156,0.47200819849967957,-8.120038986206055,3.0237622261047363,-5.943288326263428,4.121298313140869,-6.488402366638184,1.249956488609314,-5.077174663543701,4.021873950958252,-1.8057786226272583,0.79294353723526,salsa
salsa.15.au,0.36299625039100647,0.16594502329826355,2036.286231350294,2264.9126077905466,4363.940278516834,0.08920694357101393,0.17777669484087288,-85.6072998046875,104.14231872558594,-4.09415340423584,25.88663673400879,-6.899299144744873,10.750028610229492,-8.909146308898926,-1.7917712926864624,-11.146523475646973,4.0186333656311035,-4.873671054840088,1.4402539730072021,-9.690879821777344,0.31062212586402893,-4.066566467285156,1.5022369623184204,-4.522339344024658,1.1714069843292236,-4.202286720275879,4.703644275665283,salsa
salsa.16.au,0.36299625039100647,0.16594502329826355,2036.286231350294,2264.9126077905466,4363.940278516834,0.08920694357101393,0.17777669484087288,-85.6072998046875,104.14231872558594,-4.09415340423584,25.88663673400879,-6.899299144744873,10.750028610229492,-8.909146308898926,-1.7917712926864624,-11.146523475646973,4.0186333656311035,-4.873671054840088,1.4402539730072021,-9.690879821777344,0.31062212586402893,-4.066566467285156,1.5022369623184204,-4.522339344024658,1.1714069843292236,-4.202286720275879,4.703644275665283,salsa
salsa.17.au,0.32307329773902893,0.12632732093334198,2547.770864567863,2643.811060430326,5514.758319677583,0.1073678314870356,0.16311283273729482,-130.9280242919922,82.68042755126953,19.05380630493164,26.425146102905273,5.538449764251709,10.49135684967041,-2.7512755393981934,2.118849277496338,-8.116463661193848,0.08820373564958572,-3.8531811237335205,1.161987066268921,-6.3589630126953125,1.4999229907989502,-6.521555423736572,-0.45978209376335144,-9.417519569396973,-5.412964820861816,-6.603051662445068,0.822906494140625,salsa
salsa.18.au,0.32307329773902893,0.12632732093334198,2547.770864567863,2643.811060430326,5514.758319677583,0.1073678314870356,0.16311283273729482,-130.9280242919922,82.68042755126953,19.05380630493164,26.425146102905273,5.538449764251709,10.49135684967041,-2.7512755393981934,2.118849277496338,-8.116463661193848,0.08820373564958572,-3.8531811237335205,1.161987066268921,-6.3589630126953125,1.4999229907989502,-6.521555423736572,-0.45978209376335144,-9.417519569396973,-5.412964820861816,-6.603051662445068,0.822906494140625,salsa
salsa.19.au,0.337531715631485,0.09052503854036331,2214.187120247856,2134.1007253553785,4347.08204712292,0.11769241002321981,0.16419140173826172,-141.2154083251953,97.61480712890625,-17.05674171447754,24.619449615478516,-10.929116249084473,4.1487274169921875,-6.147643089294434,-0.42579400539398193,-13.6842041015625,2.751038074493408,-10.685312271118164,-2.8529903888702393,-5.561341285705566,-1.0305438041687012,-3.045470714569092,-1.0075198411941528,-6.605207443237305,4.899484157562256,-1.9180828332901,-0.03043273277580738,salsa
salsa.2.au,0.39229124784469604,0.14361326396465302,2303.588812763879,2387.141719322739,4860.603941926277,0.09747975824787151,0.11190331737932545,-134.2362060546875,86.87156677246094,-2.402618408203125,31.109561920166016,-2.403473138809204,4.812072277069092,-4.68021821975708,4.18284797668457,-2.2807979583740234,4.306187152862549,-4.473182678222656,-1.8212523460388184,-2.8555660247802734,-2.8162097930908203,-7.9772868156433105,1.7155671119689941,-6.644908428192139,0.6773363947868347,-3.3261680603027344,-2.6112606525421143,salsa
salsa.20.au,0.337531715631485,0.09052503854036331,2214.187120247856,2134.1007253553785,4347.08204712292,0.11769241002321981,0.16419140173826172,-141.2154083251953,97.61480712890625,-17.05674171447754,24.619449615478516,-10.929116249084473,4.1487274169921875,-6.147643089294434,-0.42579400539398193,-13.6842041015625,2.751038074493408,-10.685312271118164,-2.8529903888702393,-5.561341285705566,-1.0305438041687012,-3.045470714569092,-1.0075198411941528,-6.605207443237305,4.899484157562256,-1.9180828332901,-0.03043273277580738,salsa
salsa.21.au,0.324535071849823,0.12342043220996857,1540.9576776470271,1506.7491232007706,3080.889703614793,0.0860735535990712,0.17330945181260327,-149.17724609375,146.9676055908203,-47.26272201538086,48.84416198730469,-15.292749404907227,14.051833152770996,-8.361875534057617,-3.1778788566589355,-6.163482666015625,0.21556591987609863,-4.023805141448975,-3.876434564590454,-0.8396349549293518,-4.926077365875244,-0.07088595628738403,-2.8036861419677734,-7.0758891105651855,-3.2125604152679443,-4.791665554046631,-2.3593485355377197,salsa
salsa.22.au,0.324535071849823,0.12342043220996857,1540.9576776470271,1506.7491232007706,3080.889703614793,0.0860735535990712,0.17330945181260327,-149.17724609375,146.9676055908203,-47.26272201538086,48.84416198730469,-15.292749404907227,14.051833152770996,-8.361875534057617,-3.1778788566589355,-6.163482666015625,0.21556591987609863,-4.023805141448975,-3.876434564590454,-0.8396349549293518,-4.926077365875244,-0.07088595628738403,-2.8036861419677734,-7.0758891105651855,-3.2125604152679443,-4.791665554046631,-2.3593485355377197,salsa
salsa.23.au,0.3749362528324127,0.15875180065631866,2368.4774338502857,2554.472375883659,5259.409863734762,0.09528135884287926,0.14828447303034775,-109.44793701171875,86.54042053222656,8.927958488464355,25.698474884033203,4.619272232055664,6.636266708374023,-2.595130681991577,0.7527419328689575,-4.6660943031311035,0.41399866342544556,-5.718255519866943,-6.032391548156738,-11.078814506530762,-2.7757933139801025,-7.233019828796387,-2.0075275897979736,-7.157711982727051,-2.0396788120269775,-9.854551315307617,-3.415743589401245,salsa
salsa.24.au,0.3749362528324127,0.15875180065631866,2368.4774338502857,2554.472375883659,5259.409863734762,0.09528135884287926,0.14828447303034775,-109.44793701171875,86.54042053222656,8.927958488464355,25.698474884033203,4.619272232055664,6.636266708374023,-2.595130681991577,0.7527419328689575,-4.6660943031311035,0.41399866342544556,-5.718255519866943,-6.032391548156738,-11.078814506530762,-2.7757933139801025,-7.233019828796387,-2.0075275897979736,-7.157711982727051,-2.0396788120269775,-9.854551315307617,-3.415743589401245,salsa
salsa.25.au,0.3233579695224762,0.2454311102628708,1868.9653515224986,2054.265188738538,3839.9101139222134,0.08476592734133127,0.1253793358839615,-59.21381759643555,112.2868881225586,-9.538161277770996,31.369443893432617,-11.584527015686035,0.22767046093940735,-8.200965881347656,2.901623487472534,-5.617232322692871,-0.5666712522506714,-5.013763427734375,5.648928642272949,2.2102999687194824,4.930549144744873,-5.776996612548828,-2.016829013824463,-8.465143203735352,-1.0217978954315186,-3.053332567214966,3.96325945854187,salsa
salsa.26.au,0.3233579695224762,0.2454311102628708,1868.9653515224986,2054.265188738538,3839.9101139222134,0.08476592734133127,0.1253793358839615,-59.21381759643555,112.2868881225586,-9.538161277770996,31.369443893432617,-11.584527015686035,0.22767046093940735,-8.200965881347656,2.901623487472534,-5.617232322692871,-0.5666712522506714,-5.013763427734375,5.648928642272949,2.2102999687194824,4.930549144744873,-5.776996612548828,-2.016829013824463,-8.465143203735352,-1.0217978954315186,-3.053332567214966,3.96325945854187,salsa
salsa.27.au,0.4250887930393219,0.2130478024482727,1897.590544453838,2141.5294088183264,3881.2681971688758,0.07988953959462074,0.10745903507085892,-142.5236053466797,101.17266082763672,10.998147010803223,33.96387481689453,8.48165512084961,18.711822509765625,5.960204601287842,7.745141983032227,-1.2908844947814941,6.281755447387695,1.9464534521102905,3.693883180618286,1.4339183568954468,2.6215403079986572,-0.978766918182373,1.9087902307510376,-5.4918365478515625,-0.3482727110385895,-3.748054027557373,-0.6061978936195374,salsa
salsa.28.au,0.4250887930393219,0.2130478024482727,1897.590544453838,2141.5294088183264,3881.2681971688758,0.07988953959462074,0.10745903507085892,-142.5236053466797,101.17266082763672,10.998147010803223,33.96387481689453,8.48165512084961,18.711822509765625,5.960204601287842,7.745141983032227,-1.2908844947814941,6.281755447387695,1.9464534521102905,3.693883180618286,1.4339183568954468,2.6215403079986572,-0.978766918182373,1.9087902307510376,-5.4918365478515625,-0.3482727110385895,-3.748054027557373,-0.6061978936195374,salsa
salsa.29.au,0.38427531719207764,0.09602268785238266,2507.6589919839275,2380.4809051457037,5052.227783203125,0.12134469330495357,0.13939127697991238,-110.19562530517578,83.08956909179688,-20.269739151000977,18.200599670410156,-7.591114521026611,5.599732398986816,-7.7312912940979,2.933171510696411,-8.426033973693848,2.05902361869812,-5.690151691436768,-1.0568968057632446,-9.775043487548828,-2.65922474861145,-8.164588928222656,0.2708168625831604,-5.927601337432861,-2.3488285541534424,-10.56572151184082,0.18371090292930603,salsa
salsa.3.au,0.3603370785713196,0.17654748260974884,1998.083598557861,2346.174620153519,4504.006098224651,0.07003056670859133,0.11186111807677339,-138.02830505371094,94.28441619873047,5.889167308807373,28.106260299682617,-2.4165444374084473,10.80577564239502,-2.4722559452056885,5.267573833465576,-2.951678514480591,7.350146770477295,-2.0555970668792725,0.36042535305023193,0.06776684522628784,2.147690773010254,-3.4667317867279053,4.9247727394104,-3.7116339206695557,1.534096121788025,-4.997178077697754,-4.279808521270752,salsa
salsa.30.au,0.3606072664260864,0.21936531364917755,2515.8161430476516,2345.0425254421966,4949.670070022253,0.11808809924051858,0.1453130552955181,-55.518795013427734,73.38059997558594,-20.41176986694336,36.78120803833008,3.4443469047546387,11.567590713500977,-1.20594322681427,2.9153847694396973,-2.1612982749938965,3.778473377227783,-2.9300763607025146,1.4514107704162598,-9.200443267822266,-2.831972360610962,-9.583894729614258,-2.4834494590759277,-8.155997276306152,2.0072526931762695,-4.022210121154785,1.2198379039764404,salsa
salsa.31.au,0.3686177730560303,0.07984040677547455,1429.3648516696403,1930.0487116249753,3031.9233330410702,0.05611644071691176,0.14504446053726394,-232.133544921875,110.3830337524414,-0.8743533492088318,34.488372802734375,12.458222389221191,8.45323371887207,3.3606984615325928,9.86596965789795,-0.9591368436813354,1.733542799949646,-2.50642728805542,1.3449677228927612,-1.9344618320465088,2.154592514038086,-0.6641373038291931,2.114813804626465,-2.8950464725494385,0.5389940738677979,-5.0592780113220215,-1.704435110092163,salsa
salsa.32.au,0.29822519421577454,0.19124889373779297,1494.5127597731264,1982.6133255236155,3313.129965956366,0.045053393479102165,0.07594979714096921,-149.67657470703125,125.15455627441406,12.145302772521973,36.192535400390625,10.321073532104492,16.399036407470703,-2.3338983058929443,8.786469459533691,-3.3814432621002197,5.007931232452393,-1.532196283340454,0.2720966041088104,-4.902611255645752,1.3261570930480957,-3.148268222808838,-0.0967135801911354,-4.254835605621338,1.7687808275222778,-2.5518767833709717,1.0629911422729492,salsa
salsa.33.au,0.2587398886680603,0.10952989012002945,1529.2353967108188,2083.896533575027,3067.0981203439437,0.056563527960526314,0.13482736718696464,-198.7440643310547,123.04827880859375,4.749874114990234,10.501063346862793,-8.42508602142334,-5.36701774597168,-9.178536415100098,-1.0306894779205322,2.704301118850708,0.7440025210380554,-5.008957386016846,-2.0879030227661133,-3.392543077468872,5.209426403045654,1.1179639101028442,-3.6112475395202637,-7.705997467041016,-0.18005144596099854,-5.615340709686279,5.317948341369629,salsa
salsa.34.au,0.38808146119117737,0.18596068024635315,2729.3198938440723,2734.213036018404,5928.939148516109,0.10469059899864551,0.12391142552489577,-66.56524658203125,64.63411712646484,5.517622470855713,32.173248291015625,4.235250949859619,14.609869003295898,-0.19138319790363312,5.632114410400391,-2.0338354110717773,1.3422847986221313,-3.340985059738159,1.9663944244384766,-1.1561976671218872,6.009106159210205,0.07633054256439209,4.407042503356934,-2.259080410003662,0.061540018767118454,-8.98289680480957,0.2840730547904968,salsa
salsa.35.au,0.29693543910980225,0.14702922105789185,1952.1657048617335,2099.1249051374525,4068.433732071159,0.07349691007159442,0.1225626433713772,-122.13333129882812,106.52742767333984,-20.629837036132812,27.163251876831055,-5.488260746002197,6.669004440307617,-13.672319412231445,-1.5282574892044067,-10.252636909484863,-5.849743843078613,-4.80299186706543,-2.013664960861206,-7.903265953063965,-1.2634119987487793,-10.283024787902832,-1.507519006729126,-6.591147422790527,-0.49144864082336426,-0.678794264793396,3.069504976272583,salsa
salsa.36.au,0.37682315707206726,0.1369263380765915,2178.7585989081153,2597.960893564412,5065.302704140867,0.07032723913989938,0.10542624115626169,-125.87069702148438,95.31684112548828,14.686985969543457,25.077585220336914,5.758915424346924,10.011519432067871,0.6520560383796692,7.263969898223877,-3.2206785678863525,0.5444775819778442,-8.38927173614502,-0.054301872849464417,-0.07323179394006729,5.76939582824707,-6.273627281188965,0.16613656282424927,-5.8844380378723145,2.0192768573760986,-2.534308910369873,3.9646615982055664,salsa
salsa.37.au,0.3392053246498108,0.17261360585689545,1534.1501086415847,2256.004400349741,3418.854326655621,0.04761724796826625,0.12691651179047259,-139.6962127685547,117.22162628173828,28.565149307250977,33.193519592285156,9.635896682739258,12.891740798950195,3.2564258575439453,0.9570567607879639,-3.998070001602173,-2.3173646926879883,-1.3607900142669678,-0.32747629284858704,-6.684173583984375,-1.8027536869049072,-6.476933002471924,-1.9343962669372559,-6.82954216003418,1.7352051734924316,-0.24147070944309235,2.4978067874908447,salsa
salsa.38.au,0.45336660742759705,0.27037572860717773,2281.6850881726036,2346.3654597717364,4824.887491232102,0.09191743360584366,0.11810712563552771,-9.442948341369629,98.19718933105469,-25.069032669067383,18.582754135131836,12.290098190307617,18.138145446777344,3.1455531120300293,12.162189483642578,-0.4156489372253418,4.422367095947266,-2.914245367050171,0.8838799595832825,-6.810345649719238,-3.437270164489746,-7.079335689544678,-4.267195224761963,-6.315537929534912,0.7686231136322021,-6.063307285308838,-1.3434550762176514,salsa
salsa.39.au,0.3842446506023407,0.15415292978286743,2197.4121805241284,2503.38944272593,4835.5707599651705,0.08503274356617647,0.10808353504386843,-100.41500854492188,95.16667938232422,0.8973063826560974,22.197160720825195,5.049444675445557,7.820621013641357,2.7795207500457764,5.587521553039551,-0.8141161799430847,2.976259708404541,-7.070179462432861,2.1446774005889893,-2.699533462524414,6.900909900665283,-0.6174858808517456,4.050412654876709,-2.7118606567382812,1.8656002283096313,-4.360025882720947,1.1944236755371094,salsa
salsa.4.au,0.3603370785713196,0.17654748260974884,1998.083598557861,2346.174620153519,4504.006098224651,0.07003056670859133,0.11186111807677339,-138.02830505371094,94.28441619873047,5.889167308807373,28.106260299682617,-2.4165444374084473,10.80577564239502,-2.4722559452056885,5.267573833465576,-2.951678514480591,7.350146770477295,-2.0555970668792725,0.36042535305023193,0.06776684522628784,2.147690773010254,-3.4667317867279053,4.9247727394104,-3.7116339206695557,1.534096121788025,-4.997178077697754,-4.279808521270752,salsa
salsa.40.au,0.31996801495552063,0.15016396343708038,2263.6811540496324,2370.1009676245485,4597.09720198215,0.09784785881869196,0.11071886005399333,-160.2566680908203,87.17212677001953,1.711669921875,21.848600387573242,9.681690216064453,10.85753345489502,-2.927283763885498,5.434106349945068,5.904839038848877,3.8887124061584473,-1.7967180013656616,2.4522476196289062,0.6668100953102112,1.5701870918273926,-3.4576668739318848,1.4394950866699219,1.1373891830444336,7.8201003074646,-2.7602269649505615,0.6294445395469666,salsa
salsa.41.au,0.3957238495349884,0.17356117069721222,2062.614936913312,2187.8804430099785,4293.574037345201,0.08178899900832043,0.128498220046934,-67.99861145019531,103.59957885742188,-22.663448333740234,25.88267707824707,-5.5619072914123535,7.61295223236084,-11.866960525512695,1.7382336854934692,-6.056583404541016,-4.516525745391846,-9.81560230255127,-1.019789695739746,-6.132658004760742,0.43363550305366516,-8.480988502502441,-0.6612415313720703,-8.012211799621582,4.208542823791504,-2.253455638885498,1.2461227178573608,salsa
salsa.42.au,0.34805795550346375,0.25271284580230713,1971.4024410625868,2342.7381071661885,4246.582654828996,0.07716997931985294,0.14894282945999004,-66.33560943603516,104.07749938964844,2.459268569946289,18.83456802368164,-0.651753306388855,8.834990501403809,-2.341987371444702,5.889800548553467,-7.272799491882324,3.7483530044555664,-8.700010299682617,-3.271005153656006,-3.5414812564849854,-1.836753487586975,-8.402948379516602,2.685471296310425,-9.13962459564209,1.1230849027633667,-4.363190174102783,-6.220714569091797,salsa
salsa.43.au,0.36636480689048767,0.16633769869804382,1931.1039753214577,2135.724883199071,4095.7002338610196,0.07887934162151702,0.12963851530494078,-105.95167541503906,106.29873657226562,-18.08343505859375,18.974666595458984,-13.003561973571777,8.4893217086792,-6.417392730712891,10.319438934326172,1.4938137531280518,5.858764171600342,1.8755230903625488,2.4963691234588623,-4.562856674194336,1.9934450387954712,-1.8604142665863037,5.882272243499756,-0.8433244824409485,0.9110198020935059,-6.818957805633545,0.8942737579345703,salsa
salsa.44.au,0.26144206523895264,0.19173294305801392,2448.169109694736,2604.3337967712528,5498.508417938516,0.09342233758223684,0.11473337417836298,-94.7905044555664,77.7135238647461,16.10954475402832,20.78551483154297,-21.048852920532227,10.862229347229004,-4.684303283691406,9.087662696838379,7.693741798400879,2.020873546600342,-11.880143165588379,-7.401662826538086,-10.874567031860352,-0.4901997148990631,-1.98956298828125,8.722375869750977,3.8599600791931152,2.4075748920440674,-7.723359107971191,-1.190879464149475,salsa
salsa.45.au,0.3164083957672119,0.16972246766090393,2133.384266020465,2457.2117230194403,4798.520984000097,0.08290312681404799,0.13630623671901565,-99.9534683227539,97.8286361694336,1.5040196180343628,10.345311164855957,-4.309048175811768,5.084179878234863,-3.0032989978790283,5.341683864593506,-5.7996368408203125,0.11413196474313736,-9.884716033935547,-4.296412944793701,-8.705538749694824,-3.165473222732544,-6.689085006713867,-0.9315372705459595,-8.260241508483887,0.42949193716049194,-7.667717933654785,-4.1879963874816895,salsa
salsa.46.au,0.2844785749912262,0.24451188743114471,1409.4253128573998,1875.6636703365234,2918.799017088332,0.04976387142027864,0.10894957407138843,-128.52149963378906,130.3951416015625,3.617689371109009,29.449155807495117,2.137930154800415,6.885527610778809,-10.407330513000488,1.4036164283752441,4.531139850616455,2.9436235427856445,2.969348669052124,6.846735000610352,3.465400457382202,-1.1976401805877686,-3.6630077362060547,2.5772581100463867,1.5717663764953613,3.5931570529937744,-2.029519557952881,0.4148062467575073,salsa
salsa.47.au,0.35576581954956055,0.2670118510723114,2185.8755007349,2531.1064060981093,5003.836409152476,0.08041977070433437,0.13399935496598653,-53.861412048339844,91.01112365722656,20.16777229309082,33.15964126586914,-9.671021461486816,8.42940616607666,-5.100493907928467,6.649171352386475,2.293506145477295,5.456694602966309,0.4355505704879761,-1.6735352277755737,-6.833418369293213,-4.546106815338135,-9.794161796569824,-6.216823101043701,-9.704351425170898,0.09529576450586319,-6.244926929473877,1.077215552330017,salsa
salsa.48.au,0.39339521527290344,0.15414437651634216,2037.8224536883479,2425.479069709023,4485.056212812016,0.07167605940402477,0.13764310660613335,-93.45466613769531,101.4078598022461,-3.026188611984253,22.07302474975586,7.845556259155273,11.923141479492188,3.1636085510253906,3.5631728172302246,-4.7985310554504395,2.8122963905334473,-4.59522008895874,1.3860796689987183,-2.9326252937316895,4.51747989654541,-3.1279523372650146,1.9216221570968628,-4.667094707489014,0.29981353878974915,-6.004765510559082,0.5316663980484009,salsa
salsa.49.au,0.3419559597969055,0.20531383156776428,1045.6995855854484,1444.727588862466,2144.0203687354874,0.041529983189821984,0.08632830831825912,-158.82826232910156,153.08619689941406,-14.625592231750488,38.7940673828125,9.458581924438477,19.351913452148438,5.492807865142822,10.070036888122559,3.7673919200897217,6.0667338371276855,0.27114760875701904,-0.4688391387462616,-0.9352696537971497,0.5481598377227783,0.4365178644657135,1.0511746406555176,-1.1226627826690674,-1.8999956846237183,-4.838125705718994,-2.9001615047454834,salsa
salsa.5.au,0.3673133850097656,0.16290125250816345,2129.280098334689,2465.6894799451065,4779.821097075755,0.0717576915634675,0.12463915130727343,-146.0884246826172,84.42426300048828,12.737771987915039,34.62354278564453,9.320934295654297,14.514766693115234,-0.807098388671875,9.161192893981934,-1.4291658401489258,8.285868644714355,-0.29197216033935547,0.08636512607336044,-1.3336365222930908,-1.8594996929168701,-5.372128486633301,2.4124279022216797,-5.998227596282959,-2.1408767700195312,-4.660218715667725,1.7359938621520996,salsa
salsa.50.au,0.32587292790412903,0.1794838160276413,2090.527866927574,2612.6086781721615,5065.077705501403,0.0614297116873065,0.1253333363907589,-123.33393096923828,96.38622283935547,27.8834228515625,33.965187072753906,13.434568405151367,13.912736892700195,2.1418097019195557,3.435561180114746,-5.493725299835205,1.3078901767730713,-3.9692530632019043,0.5212372541427612,-4.614717960357666,-2.462397336959839,-9.06330394744873,-7.219470500946045,-8.419129371643066,0.7732451558113098,-7.181394100189209,-0.35423359274864197,salsa
salsa.51.au,0.3069920241832733,0.23836649954319,1279.690302928024,1863.8572143698455,2495.218245089977,0.05143015008223684,0.13417398797680655,-109.80767822265625,142.76412963867188,16.27242088317871,21.40047264099121,-2.854233741760254,13.696334838867188,-3.1358046531677246,7.615206241607666,-4.589849472045898,3.837752342224121,-6.6338677406311035,-3.4834399223327637,-4.379856586456299,1.1887084245681763,-3.1090688705444336,3.3692774772644043,0.12114911526441574,5.516280174255371,-0.9259888529777527,1.5683009624481201,salsa
salsa.52.au,0.3415854871273041,0.18573711812496185,2264.5046239144403,2807.3221962326106,5500.641738371953,0.07227204975328948,0.11391753634765976,-108.87092590332031,89.18667602539062,35.79533767700195,29.100507736206055,10.021926879882812,12.6100492477417,2.7879316806793213,3.9877431392669678,-4.995306015014648,1.7488377094268799,-4.839000225067139,-2.581233024597168,-6.727417945861816,-3.3236594200134277,-6.788208961486816,-4.666547775268555,-8.556177139282227,2.0259923934936523,-6.678691387176514,0.09996876120567322,salsa
salsa.53.au,0.3557242453098297,0.20295299589633942,1729.0919404369743,2160.2958084116003,3655.1528977904895,0.0683166692869582,0.15053785926658883,-97.84639739990234,113.67090606689453,5.812814235687256,27.329877853393555,6.342657566070557,9.28027057647705,-5.757744789123535,3.497603178024292,-3.0773863792419434,5.189577102661133,-7.486319065093994,-1.810694694519043,-2.358900785446167,-4.0082106590271,-12.734447479248047,0.7073014378547668,-8.25260066986084,3.0163776874542236,-3.786313533782959,-3.0922632217407227,salsa
salsa.54.au,0.32212379574775696,0.16702431440353394,2325.3728687069456,2843.166083207892,5664.465747750581,0.06343536849361456,0.11959035370841484,-126.22284698486328,80.51397705078125,31.78767204284668,35.17298889160156,15.334354400634766,12.888345718383789,3.537318706512451,5.760101318359375,-3.4503488540649414,2.7063510417938232,-5.537775039672852,-2.868159770965576,-5.299721717834473,-2.8518168926239014,-8.347588539123535,-5.494143486022949,-7.469672203063965,1.9688539505004883,-8.352635383605957,-1.0808933973312378,salsa
salsa.55.au,0.28811779618263245,0.23202671110630035,1673.6832472719086,2051.3081493220143,3417.662667194756,0.06368480009191177,0.11742552623291308,-119.8098373413086,114.37896728515625,-5.498144626617432,20.662214279174805,8.783687591552734,7.470575332641602,-3.5699715614318848,2.7676241397857666,-0.3517363369464874,0.7342464327812195,-2.7516698837280273,4.484452247619629,3.7739930152893066,4.86050271987915,0.11821432411670685,6.204342842102051,-0.8239927291870117,5.560255527496338,0.6036478877067566,2.3659756183624268,salsa
salsa.56.au,0.3251679241657257,0.18365885317325592,2260.591659428556,2756.281032080422,5351.734305461494,0.06875619799729102,0.11094980859450251,-134.87216186523438,83.94905853271484,35.06932830810547,35.07421875,12.55652141571045,9.435067176818848,1.0429174900054932,6.211605072021484,-2.386781930923462,3.3564884662628174,-3.3587536811828613,-1.3494759798049927,-4.988838195800781,-1.7550617456436157,-8.079033851623535,-6.890067100524902,-9.894966125488281,-0.13316954672336578,-9.031632423400879,-2.374800443649292,salsa
salsa.57.au,0.3058956563472748,0.27627718448638916,1588.0487100530634,2282.935123534107,3435.6042253712753,0.04148160857681889,0.12682096532941553,-141.42950439453125,108.57295227050781,32.74382781982422,26.18933868408203,12.341153144836426,16.324420928955078,5.374168872833252,8.923039436340332,0.30688032507896423,1.9629559516906738,0.46799683570861816,-0.5181439518928528,-1.4233980178833008,-0.5259416699409485,-4.142753601074219,5.5514817237854,-2.1196911334991455,4.023338794708252,0.9348635673522949,0.4463997483253479,salsa
salsa.58.au,0.3002707064151764,0.1132567822933197,1605.040885979205,2186.4909512574723,3383.4295408644543,0.04892071703270124,0.1133858738840851,-215.44137573242188,106.00675964355469,18.36555290222168,33.65318298339844,16.62666893005371,4.800701141357422,-6.76485538482666,3.6049888134002686,-11.225056648254395,-4.637339115142822,-5.826128959655762,-3.566375255584717,-6.996672630310059,-6.009346961975098,-7.22740364074707,0.6645686626434326,-15.9573335647583,-9.49571418762207,-8.029117584228516,-8.217843055725098,salsa
salsa.59.au,0.37867528200149536,0.16834644973278046,2194.71278122185,2695.804314148707,5393.475719723539,0.06077816611842105,0.10877343167165442,-110.56904602050781,92.9215087890625,20.290340423583984,20.077917098999023,2.6605379581451416,14.61169719696045,2.7504677772521973,9.62697696685791,-2.299445629119873,1.7234076261520386,-4.229577541351318,7.172055721282959,-0.23729759454727173,1.049185037612915,-6.668491840362549,-0.2988991141319275,-2.977632522583008,3.365048408508301,-5.270490646362305,-1.519665002822876,salsa
salsa.6.au,0.3673133850097656,0.16290125250816345,2129.280098334689,2465.6894799451065,4779.821097075755,0.0717576915634675,0.12463915130727343,-146.0884246826172,84.42426300048828,12.737771987915039,34.62354278564453,9.320934295654297,14.514766693115234,-0.807098388671875,9.161192893981934,-1.4291658401489258,8.285868644714355,-0.29197216033935547,0.08636512607336044,-1.3336365222930908,-1.8594996929168701,-5.372128486633301,2.4124279022216797,-5.998227596282959,-2.1408767700195312,-4.660218715667725,1.7359938621520996,salsa
salsa.60.au,0.3467565178871155,0.0933239683508873,2486.4505763913717,2402.549390088904,5056.086093205786,0.11517806392705109,0.0711210659922998,-153.04551696777344,77.46443176269531,-31.277931213378906,-7.4939446449279785,-22.946582794189453,-9.774514198303223,-7.874800682067871,-1.7256850004196167,-10.085461616516113,-5.151484489440918,-10.096576690673828,-6.362653732299805,-7.602624416351318,-11.041231155395508,-14.756221771240234,-0.7443590760231018,-7.950514316558838,-0.3299413025379181,-4.177732467651367,-0.024892576038837433,salsa
salsa.61.au,0.3140953481197357,0.16335736215114594,2199.608565699937,2587.5232880911035,5106.619120972813,0.07090735656927244,0.1288985892250231,-140.4205780029297,88.07025909423828,24.75518798828125,34.80686569213867,3.2566001415252686,11.047225952148438,-2.2150797843933105,3.608987331390381,-4.37009334564209,2.456878185272217,-8.756728172302246,-11.252049446105957,-15.59319019317627,-4.293766021728516,-6.949734210968018,5.392383098602295,-1.4358057975769043,4.521636962890625,-7.298462390899658,-1.2426786422729492,salsa
salsa.62.au,0.43508461117744446,0.07085534185171127,1658.8016307111818,2295.320703522251,3795.452049420714,0.05096227687209752,0.14281753700377112,-224.36827087402344,97.8230972290039,12.873292922973633,30.321697235107422,14.853095054626465,12.592965126037598,2.9601385593414307,10.957308769226074,-0.7351263165473938,3.0760393142700195,2.3094801902770996,7.306353569030762,-1.6299126148223877,1.4143636226654053,0.7467087507247925,4.30899715423584,-0.6954079270362854,5.321469783782959,-2.8753011226654053,3.8336660861968994,salsa
salsa.63.au,0.3337043821811676,0.11481500416994095,1547.153446879327,1995.062588523026,3220.738857966089,0.06814811399477554,0.16756967042100795,-170.6490478515625,109.56425476074219,-0.40079858899116516,26.71044158935547,11.06911563873291,7.755819320678711,3.4521405696868896,4.12886905670166,-3.3736319541931152,6.778683185577393,-3.74766206741333,-1.0394986867904663,-6.184645652770996,0.7255275845527649,-2.443131923675537,2.9064419269561768,-1.839126467704773,2.41929030418396,-0.41917791962623596,3.2381017208099365,salsa
salsa.64.au,0.37278491258621216,0.06866328418254852,1191.7538908643633,1724.548758024212,2571.1344527017222,0.038600673616486066,0.09677614541379341,-274.0665283203125,114.73229217529297,6.57367467880249,49.22504425048828,17.694856643676758,14.626245498657227,6.353973865509033,7.386833667755127,0.9521710872650146,0.06671123951673508,0.6429396867752075,1.5282478332519531,-4.409074783325195,-2.805821180343628,-0.7855461835861206,-0.15676988661289215,-3.916041374206543,-1.577651023864746,-1.3405170440673828,5.368913173675537,salsa
salsa.67.au,0.4290428161621094,0.08813750743865967,1446.0657053811515,1936.0242812211973,3192.0973644906153,0.04978314568014706,0.1871274248326853,-213.926513671875,118.68712615966797,-9.252650260925293,24.99521827697754,19.412450790405273,14.657415390014648,11.37887191772461,11.97957706451416,0.03274987265467644,5.965704441070557,1.994250774383545,6.042477130889893,1.3074225187301636,3.2843897342681885,-2.3378090858459473,2.8658976554870605,1.5927058458328247,3.4899706840515137,-1.9688630104064941,2.743237018585205,salsa
salsa.68.au,0.4314013719558716,0.09049099683761597,2255.989216314641,2792.94004712047,5547.999785337654,0.07783890951528638,0.08876214039363074,-226.11871337890625,69.0699691772461,32.03643798828125,37.75019836425781,18.80678367614746,14.640885353088379,7.787328720092773,0.9208311438560486,4.740013122558594,8.585403442382812,2.7352805137634277,1.6506377458572388,3.356889009475708,-0.2005094587802887,-3.8390698432922363,-2.3416316509246826,-2.1450257301330566,1.6659668684005737,0.8492822051048279,-0.6916888356208801,salsa
salsa.69.au,0.3807423412799835,0.09312997758388519,1600.4395676853626,2117.0707985276463,3337.421485735536,0.06315192349554953,0.13909297007560023,-201.55923461914062,100.30937194824219,2.7876482009887695,39.03328323364258,14.85478401184082,11.607114791870117,3.2608492374420166,8.379878997802734,-3.703451633453369,-0.019127529114484787,-3.9921247959136963,6.769384384155273,-0.4493761658668518,0.804571270942688,-2.0182511806488037,3.094813585281372,-4.174927234649658,2.45524525642395,0.281383216381073,3.647425889968872,salsa
salsa.7.au,0.3675374388694763,0.16881318390369415,2488.030766595539,2841.141151961837,5879.531113946401,0.08816802317143962,0.14392672200053522,-142.92825317382812,73.43659973144531,29.210725784301758,26.230777740478516,4.562070846557617,8.771247863769531,1.7168431282043457,6.158291816711426,0.4063799977302551,9.136849403381348,-1.958201289176941,0.4312971830368042,-2.4373748302459717,-0.3820429742336273,-5.725809574127197,4.573791027069092,-8.213506698608398,-4.646399021148682,-7.221696853637695,-0.2200964093208313,salsa
salsa.70.au,0.43160465359687805,0.07183463871479034,1760.9878580117188,2239.2207788855903,3950.517778426132,0.0675079062258127,0.1590325184535041,-207.17787170410156,101.40696716308594,-4.141383171081543,18.36762809753418,6.338120460510254,13.957478523254395,9.247125625610352,9.259882926940918,2.964698314666748,3.227254867553711,0.9166790843009949,3.7889609336853027,0.9605315327644348,1.6264739036560059,0.27890199422836304,3.893603801727295,4.866701126098633,5.911731719970703,-2.1031596660614014,0.5546038746833801,salsa
salsa.71.au,0.3687821626663208,0.07587823271751404,1479.1922775328203,2002.2143366542855,3159.2975628265285,0.05654349784732972,0.14964707259756377,-234.83209228515625,107.85801696777344,1.5442267656326294,32.711673736572266,12.826398849487305,8.513177871704102,3.187194585800171,10.024486541748047,-1.0356147289276123,1.8152573108673096,-2.701044797897339,1.600326657295227,-2.09321928024292,2.3543541431427,-0.8676093816757202,2.242457628250122,-2.919260025024414,0.6165751218795776,-5.1940436363220215,-1.4778697490692139,salsa
salsa.72.au,0.3781813979148865,0.05491584539413452,1689.6677408818039,2246.7312344625475,3868.501607700029,0.061805370791408666,0.0898470865098889,-243.56509399414062,105.4686050415039,15.337149620056152,23.972665786743164,5.045225620269775,3.187373399734497,-2.613746166229248,3.4406814575195312,-0.9020164608955383,3.15466046333313,-2.166865825653076,-2.2453131675720215,-5.47778844833374,2.6491339206695557,2.3536455631256104,2.2465615272521973,-2.066377878189087,2.442934513092041,-2.2615742683410645,-1.1859934329986572,salsa
salsa.73.au,0.3525998592376709,0.09151456505060196,1933.4899298892149,2618.8528852801933,4745.029640788264,0.055950908838041796,0.11277048929948331,-223.2067108154297,85.9907455444336,35.32899475097656,25.08148765563965,20.354047775268555,14.307601928710938,9.023161888122559,13.495553016662598,-2.5913758277893066,3.0076091289520264,-5.42444372177124,-1.0646287202835083,-3.1408531665802,6.82446813583374,0.7294955253601074,7.323963165283203,1.7313034534454346,1.9061779975891113,-2.8552327156066895,0.7369575500488281,salsa
salsa.8.au,0.3675374388694763,0.16881318390369415,2488.030766595539,2841.141151961837,5879.531113946401,0.08816802317143962,0.14392672200053522,-142.92825317382812,73.43659973144531,29.210725784301758,26.230777740478516,4.562070846557617,8.771247863769531,1.7168431282043457,6.158291816711426,0.4063799977302551,9.136849403381348,-1.958201289176941,0.4312971830368042,-2.4373748302459717,-0.3820429742336273,-5.725809574127197,4.573791027069092,-8.213506698608398,-4.646399021148682,-7.221696853637695,-0.2200964093208313,salsa
salsa.9.au,0.3663347065448761,0.09474615752696991,2859.6914821095793,2707.2879137722443,6121.729649404992,0.13837860390866874,0.1273897710084002,-129.55947875976562,66.43279266357422,2.479804277420044,23.289600372314453,-9.688730239868164,0.8971962928771973,-15.585997581481934,-4.338319778442383,-11.03573226928711,0.9522032141685486,-7.7095465660095215,0.945604145526886,-0.8806192278862,0.2680807113647461,-7.678168296813965,1.1272567510604858,-7.768186569213867,-0.5823405385017395,-5.145113945007324,-1.7450047731399536,salsa
